date,crude_flow_index,crude_flow_ma7,lng_flow_index,lng_flow_ma7,total_ship_arrivals,tanker_arrivals,brent_price,brent_return,brent_volatility_7d,period,crude_flow_index_norm,lng_flow_index_norm,total_ship_arrivals_norm,tanker_arrivals_norm,brent_price_norm
2025-01-01,119.76591025165132,119.77,135.45843657384205,135.46,88.0,51.0,,,,,113.76881022397484,123.1609281346369,109.36361688450825,117.19492868462758,
2025-01-02,63.42929659340177,91.6,128.83145242269367,132.14,55.0,26.0,76.14,0.02091713596138378,1.290708927232086,,60.253168799136176,117.13557054574994,68.35226055281765,59.74643423137877,110.84189334573692
2025-01-03,108.4598236128186,97.22,168.54045881107123,144.28,82.0,45.0,76.72,0.007617546624638871,1.173165753076999,,103.02885907688754,153.23961991908527,101.90700664238268,103.40729001584786,111.68623663626133
2025-01-04,116.44619465946992,102.03,83.43652208225424,129.07,87.0,48.0,,,,,110.61532445819329,75.86179022799197,108.12084851082065,110.30110935023772,
2025-01-05,125.98926490768714,106.82,96.54557511534824,122.56,71.0,45.0,,,,,119.68053964123001,87.78074617756779,88.23655453181915,103.40729001584786,
2025-01-06,66.19381983188826,100.05,83.66589717093096,116.08,67.0,32.0,77.27,0.007168925964546435,0.70575081558689,,62.87926264352209,76.07034164440367,83.26548103706878,73.53407290015848,112.48690699796549
2025-01-07,93.93887457336452,99.17,129.03548956552822,117.93,78.0,40.0,77.84,0.007376730943445153,0.5784070829767477,,89.2350249877847,117.32108430569758,96.9359331476323,91.9175911251981,113.31669264554981
2025-01-08,112.8037642443757,98.18,101.25887756736232,113.04,76.0,36.0,77.37,-0.0060380267214799055,0.7856387373773178,,107.1552833348205,92.06615444929895,94.45039640025712,82.7258320126783,112.63248342736624
2025-01-09,106.63352461416558,104.35,95.99969796632688,108.35,79.0,45.0,78.44,0.013829649735039418,0.8274298084534655,,101.29400928738222,87.28442614006084,98.1787015213199,103.40729001584786,114.19015122195435
2025-01-10,100.42076118960053,103.2,111.62387551828309,100.22,85.0,50.0,79.76,0.01682814890362061,0.8732210077352645,,95.3923407614166,101.49017262075573,105.63531176344546,114.89698890649763,116.11176009004437
2025-01-11,85.93592824946155,98.85,134.7271923473436,107.55,92.0,57.0,,,,,81.63281431161093,122.49606945247169,114.33469037925862,130.9825673534073,
2025-01-12,147.8644473434628,101.97,103.46372338099904,108.54,106.0,64.0,,,,,140.46035481502466,94.07083473108588,131.73344761088492,147.06814580031696,
2025-01-13,104.2443546190013,107.41,143.3158669371167,117.06,81.0,45.0,82.69,0.0367352056168504,1.3087819218531298,,99.02447343029628,130.3050266549727,100.66423826869509,103.40729001584786,120.37714947148656
2025-01-14,84.58808813249816,106.07,121.64481083618874,116.0,81.0,38.0,82.39,-0.0036280082234853017,1.4336205047983985,,80.35246528610887,110.6013636675949,100.66423826869509,87.3217115689382,119.94042018328429
2025-01-15,67.85304215409073,99.65,61.29738077129413,110.3,79.0,37.0,83.48,0.013229760893312292,1.4296817360901701,,64.45540187293551,55.732536850146104,98.1787015213199,85.02377179080824,121.52720326375254
2025-01-16,128.91440417142704,102.83,77.21627864067796,107.61,88.0,51.0,82.39,-0.01305701964542405,1.7030084941047174,,122.45920690202122,70.20624765076529,109.36361688450825,117.19492868462758,119.94042018328429
2025-01-17,91.2668127856174,101.52,119.41951685573204,108.73,91.0,53.0,83.02,0.007646559048428259,1.5858863378954868,,86.69676272435615,108.57809159287207,113.09192200557102,121.79080824088749,120.85755168850906
2025-01-18,92.99863799955163,102.53,98.86199679576372,103.6,89.0,51.0,,,,,88.34186936355911,89.88687298167899,110.60638525819583,117.19492868462758,
2025-01-19,57.01625298172546,89.55,161.4249412830707,111.88,84.0,41.0,,,,,54.16124881888606,146.77008014679433,104.39254338975786,94.21553090332806,
2025-01-20,114.3192105993632,90.99,136.15011804279743,110.86,88.0,49.0,81.68,-0.0161406889906045,1.854247210928163,,108.59484596497893,123.78981573916523,109.36361688450825,112.59904912836768,118.90682753453892
2025-01-21,122.50178420900951,96.41,75.07144375140436,104.21,88.0,47.0,80.57,-0.013589618021547678,1.9122027972996158,,116.36768935742265,68.25613023955121,109.36361688450825,108.00316957210778,117.29092916819047
2025-01-22,78.54340755137336,97.94,170.53593317748556,119.81,75.0,45.0,80.0,-0.007074593521161687,1.1257918991618658,,74.61046310490764,155.05393640798476,93.20762802656952,103.40729001584786,116.46114352060617
2025-01-23,115.14289067084084,95.97,146.50978168933037,129.71,81.0,49.0,78.62,-0.017249999999999988,1.2188820212028133,,109.37728148056354,133.2089838776822,100.66423826869509,112.59904912836768,114.45218879487572
2025-01-24,113.8713074204666,99.2,55.45276126369427,120.57,85.0,42.0,78.71,0.0011447468837444408,0.9462019303865356,,108.16937087234588,50.418517425764186,105.63531176344546,96.51347068145802,114.58320758133638
2025-01-25,103.48596948954064,100.7,148.00872122231078,127.59,99.0,59.0,,,,,98.30406330951148,134.57184313376794,123.03406899507178,135.5784469096672,
2025-01-26,43.342019942197815,98.74,51.21776810512233,111.85,98.0,68.0,,,,,41.17173268392246,46.567995440969035,121.79130062138418,156.2599049128368,
2025-01-27,137.11069342582792,102.0,182.4172071506472,118.46,86.0,47.0,77.3,-0.017913861008766352,1.0027461957734303,,130.24507914868485,165.85657644258166,106.87808013713305,108.00316957210778,112.53057992678572
2025-01-28,100.00780907455726,98.79,112.48981093057428,123.8,73.0,44.0,78.01,0.009184993531694774,1.0461245233792025,,95.00006661003889,102.27749463465106,90.72209127919433,101.10935023771792,113.5641725755311
2025-01-29,99.15849822292049,101.73,83.17425211651923,111.32,98.0,54.0,77.02,-0.012690680681963995,1.0134229873743392,,94.19328373753369,75.62333027511811,121.79130062138418,124.08874801901744,112.1229659244636
2025-01-30,99.65978120842952,99.52,171.82016695885582,114.94,97.0,53.0,77.42,0.005193456245131234,1.0957388183577323,,94.66946572226585,156.2215818382433,120.54853224769658,121.79080824088749,112.70527164206662
2025-01-31,57.25646211148131,91.43,75.6519938789466,117.83,87.0,50.0,77.11,-0.0040041332988891565,1.0951349581372771,,54.389429833331974,68.78397549116687,108.12084851082065,114.89698890649763,112.25398471092427
2025-02-01,87.06543012965614,89.09,151.64805039090828,118.35,75.0,39.0,,,,,82.7057580631799,137.8807781069513,93.20762802656952,89.61965134706816,
2025-02-02,141.69298972163352,103.14,84.42336839400292,123.09,76.0,50.0,,,,,134.59792376508807,76.75904632185626,94.45039640025712,114.89698890649763,
2025-02-03,116.51551426944572,100.19,119.05278342906868,114.04,91.0,53.0,76.49,-0.008040461678122224,0.9748262914310397,,110.68117299168303,108.24465182826034,113.09192200557102,121.79080824088749,111.35141084863956
2025-02-04,71.18191916149435,96.08,70.96669652496863,108.11,96.0,55.0,76.58,0.0011766243953459377,0.975100586886125,,67.61759030968257,64.5240298923697,119.30576387400899,126.38668779714739,111.48242963510026
2025-02-05,118.45921706895166,98.83,120.63129300250093,113.46,82.0,47.0,74.71,-0.024418908331157008,1.1470742872479467,,112.52754776113251,109.6798574090316,101.90700664238268,108.00316957210778,108.76015040530608
2025-02-06,112.07572299307864,100.61,95.44181863243293,102.55,90.0,40.0,74.54,-0.0022754651318429575,0.9844631704274482,,106.46369766758009,86.77719352843938,111.84915363188342,91.9175911251981,108.51267047532481
2025-02-07,61.328366962713055,101.19,95.04219032871129,105.32,68.0,33.0,74.68,0.0018781862087469126,0.9842214425602174,,58.257440098494044,86.41384522736551,84.50824941075636,75.83201267828844,108.71647747648588
2025-02-08,140.69460728704638,108.85,168.89163384993674,107.78,80.0,42.0,,,,,133.6495338476831,153.55891375428922,99.42146989500749,96.51347068145802,
2025-02-09,75.69357194339025,99.42,34.15644004601142,100.6,95.0,57.0,,,,,71.90332878118477,31.055569252407835,118.06299550032139,130.9825673534073,
2025-02-10,60.861240698697095,91.47,166.76102377236404,107.41,84.0,57.0,76.23,0.02075522228173532,1.3453594295504099,,57.81370448817054,151.62172976424796,104.39254338975786,130.9825673534073,110.9729121321976
2025-02-11,180.03891395446482,107.02,141.7538048022136,117.53,110.0,61.0,77.65,0.018627836809655074,1.5493658686098468,,171.02373280992643,128.88477534243253,136.7045211056353,140.17432646592712,113.04009742968839
2025-02-12,61.83055020289709,98.93,132.26985612601624,119.19,125.0,68.0,75.38,-0.029233741146168835,1.9204001017618224,,58.734477258985805,120.26182094486725,155.3460467109492,156.2599049128368,109.73551248229117
2025-02-13,104.24006517025566,97.81,80.38352187095245,117.04,151.0,72.0,75.61,0.0030512072167683257,1.9267462431537492,,99.02039876932403,73.08595470877572,187.65802442682664,165.4516640253566,110.07033826991291
2025-02-14,103.33610356422996,103.81,112.1670855151105,119.48,92.0,56.0,75.19,-0.00555482079090075,1.6702059427501543,,98.16170169776498,101.98406764179272,114.33469037925862,128.68462757527735,109.45891726642972
2025-02-15,118.07989211382794,100.58,142.18454988153093,115.67,85.0,49.0,,,,,112.16721693959897,129.27641550232195,105.63531176344546,112.59904912836768,
2025-02-16,120.17478474257835,106.94,104.74573453554102,125.75,75.0,43.0,,,,,114.15721093220611,95.23645931428617,93.20762802656952,98.81141045958796,
2025-02-17,50.794434054252925,105.5,137.26854386277927,121.54,80.0,43.0,75.81,0.00824577736401122,1.6827382329792178,,48.2509782308679,124.80670597887809,99.42146989500749,98.81141045958796,110.36149112871442
2025-02-18,142.62162889698595,100.15,60.71771969448319,109.96,73.0,34.0,76.46,0.008574066745811848,1.697327081543857,,135.48006271335163,55.20549993735374,90.72209127919433,78.1299524564184,111.30773791981933
2025-02-19,122.05896482121888,108.76,96.60825319190523,104.87,95.0,58.0,76.34,-0.0015694480774259834,1.5193692176267557,,115.9470434926086,87.83773406461052,118.06299550032139,133.28050713153726,111.13304620453845
2025-02-20,44.47602309576745,100.22,134.32667499289064,112.57,87.0,57.0,76.95,0.007990568509300466,1.3492495904787056,,42.248952314289475,122.13191281257453,108.12084851082065,130.9825673534073,112.02106242388307
2025-02-21,137.44775936738347,105.09,67.57185630748002,106.2,87.0,47.0,74.88,-0.026900584795321758,1.268989549514581,,130.56526701397325,61.43738809559415,108.12084851082065,108.00316957210778,109.00763033528737
2025-02-22,88.73307248087784,100.9,109.5021559480234,101.53,100.0,53.0,,,,,84.28989570116849,99.56107201894744,124.27683736875936,121.79080824088749,
2025-02-23,59.446411042681405,92.23,74.58335489991785,97.23,73.0,33.0,,,,,56.46972032526237,67.81235222555887,90.72209127919433,75.83201267828844,
2025-02-24,85.92443676331582,97.24,152.38862965008545,99.39,69.0,43.0,74.89,0.00013354700854706358,1.258673092174954,,81.6218982445618,138.55412434676117,85.75101778444396,98.81141045958796,109.02218797822745
2025-02-25,64.965819499016,86.15,51.26044254022497,98.03,71.0,44.0,73.11,-0.023768193350247047,1.5220495203273063,,61.712752602960734,46.60679570448749,88.23655453181915,101.10935023771792,106.43092753489397
2025-02-26,61.80020632473349,77.54,30.966081496722992,88.66,55.0,28.0,73.49,0.005197647380659198,1.4854324954863718,,58.70565280544138,28.154845384991567,68.35226055281765,64.34231378763867,106.98411796661684
2025-02-27,106.94924922430764,86.47,249.471191407142,105.11,80.0,43.0,75.01,0.020683086134168027,1.7137729013434542,,101.59392445672229,226.8231071736029,99.42146989500749,98.81141045958796,109.19687969350838
2025-02-28,122.8453637579196,84.38,115.45168344191728,111.95,73.0,46.0,74.76,-0.0033328889481402113,1.7132933978925438,,116.69406467085415,104.97047542447893,90.72209127919433,105.70522979397782,108.83293862000649
2025-03-01,95.9240420440783,85.41,78.53385182447215,107.52,75.0,42.0,,,,,91.12078814663256,71.40420578689763,93.20762802656952,96.51347068145802,
2025-03-02,97.416452470617,90.83,136.59153173089044,116.38,74.0,42.0,,,,,92.53846833823636,124.19115596493427,91.96485965288193,96.51347068145802,
2025-03-03,74.01030752574925,89.13,68.66850038454488,104.42,83.0,61.0,72.85,-0.02554842161583748,1.8247289773077717,,70.30435132854417,62.434474034136144,103.14977501607028,140.17432646592712,106.05242881845199
2025-03-04,110.1245004192285,95.58,83.18892145358576,108.98,90.0,51.0,72.31,-0.007412491420727418,1.6191143502083474,,104.61017966531507,75.63666786570259,111.84915363188342,117.19492868462758,105.2663160996879
2025-03-05,56.50697361645605,94.83,152.76425358406186,126.38,100.0,54.0,70.92,-0.019222790761996955,1.6835457461108383,,53.67747086123035,138.89564749960593,124.27683736875936,124.08874801901744,103.24280373101737
2025-03-06,89.33814953479988,92.31,141.4982027169634,110.96,128.0,85.0,71.08,0.002256063169768785,1.549781060871527,,84.86467442053777,128.65237793073345,159.07435183201198,195.32488114104598,103.47572601805858
2025-03-07,84.55864450900957,86.84,142.8717860968298,114.87,97.0,66.0,72.49,0.019836803601575692,1.7755188118076404,,80.32449600832405,129.90126141273376,120.54853224769658,151.66402535657687,105.52835367260926
2025-03-08,154.82611674532222,95.25,60.72305399887102,112.33,89.0,59.0,,,,,147.07342896407096,55.21034997029354,110.60638525819583,135.5784469096672,
2025-03-09,120.02407151875003,98.48,144.50186061267777,113.46,74.0,44.0,,,,,114.01404444915647,131.38335064525648,91.96485965288193,101.10935023771792,
2025-03-10,131.70053352211377,106.73,84.11664589170266,115.67,91.0,51.0,71.08,-0.019450958752931347,1.5630252597979077,,125.1058249646377,76.48016942781737,113.09192200557102,117.19492868462758,103.47572601805858
2025-03-11,170.9169510695233,115.41,130.39307003223112,122.41,65.0,33.0,71.51,0.0060495216657288076,1.6434122288553177,,162.35853866456029,118.55541768887845,80.77994428969359,75.83201267828844,104.10170466448186
2025-03-12,59.264506642171845,115.8,95.1853274964514,114.18,87.0,52.0,72.36,0.011886449447629621,1.513292089042836,,56.29692451736517,86.54398777791698,108.12084851082065,119.49286846275754,105.33910431438828
2025-03-13,53.26912824354324,110.65,160.65991312878265,116.92,98.0,50.0,70.82,-0.021282476506357173,1.6933908748028346,,50.60175578511658,146.07450458934366,121.79130062138418,114.89698890649763,103.0972273016166
2025-03-14,91.63295165756008,111.66,80.04568259305651,107.95,84.0,41.0,71.94,0.01581474159841867,1.6458260380742082,,87.04456773623424,72.77878595592128,104.39254338975786,94.21553090332806,104.7276833109051
2025-03-15,102.09984207081058,104.13,100.5245216633043,113.63,101.0,58.0,,,,,96.98734416199784,91.39846658125218,125.51960574244696,133.28050713153726,
2025-03-16,64.45500440518333,96.19,70.98269943813212,103.13,131.0,71.0,,,,,61.227515816068035,64.53857999118911,162.80265695307477,163.15372424722665,
2025-03-17,130.706546448587,96.05,79.27976538803715,102.44,99.0,48.0,71.93,-0.00013900472616057424,1.6480776580602399,,124.1616103171179,72.08240205964732,123.03406899507178,110.30110935023772,104.71312566796504
2025-03-18,125.197411486779,89.52,108.20191925348968,99.27,104.0,57.0,71.93,0.0,1.4445574860538901,,118.92833710397038,98.3788764898695,129.24791086350973,130.9825673534073,104.71312566796504
2025-03-19,71.0540829976428,91.2,130.59310644677478,104.33,91.0,50.0,71.94,0.0001390240511607299,1.1963588518917445,,67.49615535181826,118.73729392412123,113.09192200557102,114.89698890649763,104.7276833109051
2025-03-20,117.55610276144364,100.39,27.10493417066486,85.25,97.0,63.0,72.61,0.009313316652766135,1.221854657382324,,111.66965556087663,24.644229875394572,120.54853224769658,144.770206022187,105.70304538789019
2025-03-21,81.47061210525004,98.93,75.9902776822082,84.67,106.0,62.0,72.64,0.00041316623054687973,1.1455755957499556,,77.39109223950028,69.09154841343296,131.73344761088492,142.47226624405707,105.7467183167104
2025-03-22,77.42693288588775,95.41,211.5185047384577,100.52,71.0,44.0,,,,,73.54989424962473,192.315931145699,88.23655453181915,101.10935023771792,
2025-03-23,99.97873614417011,100.48,55.01934903218303,98.24,98.0,50.0,,,,,94.97244946344917,50.02445224940486,121.79130062138418,114.89698890649763,
2025-03-24,65.06813079502312,91.11,101.46069208336858,101.41,89.0,49.0,73.96,0.018171806167400772,0.81064993976003,,61.809940812817324,92.24964736218831,110.60638525819583,112.59904912836768,107.66832718480039
2025-03-25,122.26136325462429,90.69,52.70426092786449,93.48,73.0,44.0,73.78,-0.0024337479718765653,0.7421253916863655,,116.13930712515099,47.9195379535286,90.72209127919433,101.10935023771792,107.40628961187905
2025-03-26,96.97336830203956,94.39,142.87623135048634,95.24,67.0,31.0,74.6,0.011114123068582282,0.7681047302940044,,92.11757095114001,129.90530310685028,83.26548103706878,71.23613312202853,108.60001633296524
2025-03-27,101.8793855877476,92.15,94.77325248249149,104.91,88.0,41.0,74.72,0.0016085790884718953,0.7520345469864661,,96.77792670980683,86.16932273331689,109.36361688450825,94.21553090332806,108.77470804824617
2025-03-28,109.11907481571336,96.1,80.63601227864311,105.57,135.0,73.0,74.69,-0.0004014989293361637,0.7586749788280903,,103.65509925520261,73.31552293459326,167.77373044782513,167.74960380348654,108.73103511942594
2025-03-29,95.51257270144096,98.68,202.96450312720552,104.35,143.0,90.0,,,,,90.7299225200354,184.5384991573068,177.7158774373259,206.81458003169573,
2025-03-30,125.95463158077789,102.4,166.22937143504356,120.23,126.0,84.0,,,,,119.64764052671333,151.13834314791387,156.5888150846368,193.02694136291603,
2025-03-31,80.5471096771609,104.61,114.94003474605115,122.16,103.0,57.0,77.23,0.034007229883518564,1.3300375958211907,,76.51383282351213,104.50527643166907,128.00514248982213,130.9825673534073,112.42867642620519
2025-04-01,96.64779384662974,100.95,60.93153639536207,123.34,141.0,73.0,77.78,0.00712158487634329,1.2817716162581687,,91.80829915290072,55.39990542435767,175.2303406899507,167.74960380348654,113.22934678790935
2025-04-02,76.67728552239042,98.05,130.99051212366817,121.64,104.0,53.0,77.27,-0.006556955515556795,1.354020004429248,,72.83778436415375,119.09862137813684,129.24791086350973,121.79080824088749,112.48690699796549
2025-04-03,193.84702015978232,111.19,125.13700210875524,125.98,85.0,58.0,72.54,-0.0612139251973598,2.9138523356556063,,184.14041861078937,113.77651856552191,105.63531176344546,133.28050713153726,105.60114188730967
2025-04-04,112.88552855132966,111.72,99.2914082989841,128.64,133.0,76.0,68.36,-0.057623380204025465,3.49643203415151,,107.23295341557547,90.27730063333345,165.28819370044997,174.6434231378764,99.51604713835798
2025-04-05,89.94905176603083,110.93,156.67963300472962,122.03,106.0,55.0,,,,,85.44498663011626,142.4555716774243,131.73344761088492,126.38668779714739,
2025-04-06,81.89177242468308,104.64,93.07561011106436,111.58,126.0,68.0,,,,,77.79116358162734,84.62579975022331,156.5888150846368,156.2599049128368,
2025-04-07,70.39832690113337,103.19,129.93876510853423,113.72,114.0,67.0,66.13,-0.0326214160327678,3.515891561419289,,66.87323526762873,118.14235655017158,141.67559460038566,153.96196513470682,96.26969276272108
2025-04-08,101.53262866939636,103.88,62.58650433168656,113.96,118.0,76.0,64.86,-0.019204597005897384,3.4411561727594826,,96.44853312898856,56.90462814393282,146.64666809513605,174.6434231378764,94.42087210933146
2025-04-09,125.31026105809948,110.83,81.43749151291468,106.88,134.0,74.0,67.3,0.03761948812827631,3.536066565797143,,119.03553590066001,74.04424038379928,166.53096207413756,170.04754358161648,97.97293698670994
2025-04-10,99.10464181089188,97.3,110.82061818254888,104.83,123.0,67.0,65.37,-0.028677563150074192,3.3505776308017756,,94.14212410532656,100.75983849390308,152.86050996357403,153.96196513470682,95.16331189927531
2025-04-11,137.2042669558717,100.77,84.84566749137285,102.77,130.0,69.0,66.83,0.02233440416092991,3.755327944763953,,130.3339671232276,77.14300726292431,161.55988857938718,158.55784469096673,97.28872776852639
2025-04-12,98.12908348012417,101.94,167.71497520705444,104.35,116.0,61.0,,,,,93.21541540865051,152.48907732165017,144.16113134776086,140.17432646592712,
2025-04-13,83.32423648109753,102.14,75.80891133302195,101.88,120.0,71.0,,,,,79.15189912853253,68.92664729347952,149.13220484251124,163.15372424722665,
2025-04-14,98.7154670105004,106.19,108.60021398111436,98.83,109.0,59.0,67.18,0.005237168936106595,3.3559300950039503,,93.7724366548938,98.74101228270841,135.4617527319477,135.5784469096672,97.79824527142905
2025-04-15,70.06422650438961,101.69,29.754305349954112,94.14,60.0,32.0,66.58,-0.008931229532599061,2.6434373649976766,,66.55586445190137,27.053079568832068,74.56610242125562,73.53407290015848,96.9247866950245
2025-04-16,89.21772723297784,96.54,102.85383457932372,97.2,119.0,71.0,67.94,0.02042655452087705,2.4190850178413514,,84.75028208657612,93.51631429830127,147.88943646882365,163.15372424722665,98.90462613487479
2025-04-17,28.85713404590152,86.5,67.65009277183486,91.03,69.0,35.0,69.33,0.020459228731233514,2.2397086088066382,,27.412155929660354,61.50852191204464,85.75101778444396,80.42789223454834,100.92813850354533
2025-04-18,108.2803551955473,82.37,34.20133710794232,83.8,47.0,21.0,,,,,102.85837727398693,31.096390362984543,58.4101135633169,48.25673534072901,
2025-04-19,116.6885220355199,85.02,122.23291789494708,77.3,69.0,36.0,,,,,110.84551765089707,111.13607979920863,85.75101778444396,82.7258320126783,
2025-04-20,62.83841178965049,82.09,110.37387019006808,82.24,99.0,58.0,,,,,59.69187167409484,100.35364823519426,123.03406899507178,133.28050713153726,
2025-04-21,112.99392980543244,84.13,160.31807312259582,89.63,124.0,74.0,,,,,107.33592663792352,145.76369831178437,154.1032783372616,170.04754358161648,
2025-04-22,90.89993252747178,87.11,61.21203190108884,94.12,154.0,76.0,68.93,-0.005769508149430114,1.9181949595309726,,86.34825345008778,55.65493632310919,191.38632954788943,174.6434231378764,100.3458327859423
2025-04-23,104.46428154049072,89.29,124.60268261924088,97.23,104.0,61.0,68.26,-0.009720005802988596,1.4677524879573822,,99.23338783792278,113.29070693271791,129.24791086350973,140.17432646592712,99.37047070895723
2025-04-24,127.28801466678377,103.35,68.39645086076551,97.33,110.0,57.0,67.5,-0.01113389979490187,1.401661417585388,,120.91425643560524,62.187122354205975,136.7045211056353,130.9825673534073,98.26408984551146
2025-04-25,88.94648579501279,100.59,60.73683428520626,101.12,72.0,44.0,66.99,-0.007555555555555649,1.4281106701152462,,84.49262266065197,55.22287922205472,89.47932290550675,101.10935023771792,97.52165005556758
2025-04-26,107.92877926687687,99.34,152.5784419812191,105.46,139.0,90.0,,,,,102.52440598763192,138.726704685536,172.74480394257552,206.81458003169573,
2025-04-27,72.89007297309155,100.77,85.42399499208683,101.9,111.0,68.0,,,,,69.24021085685351,77.66883166748173,137.9472894793229,156.2599049128368,
2025-04-28,98.0985807334885,98.65,98.72863918606797,93.1,87.0,53.0,66.13,-0.012837736975668035,1.4742669346222617,,93.18644004173674,89.76562215818382,108.12084851082065,121.79080824088749,96.26969276272108
2025-04-29,131.03381550103214,104.38,33.56477678432786,89.15,90.0,48.0,64.04,-0.031604415545138154,1.531766149357431,,124.47249185796352,30.517619765500907,111.84915363188342,110.30110935023772,93.22714538824526
2025-04-30,74.6190385545287,100.11,78.202680427061,82.52,98.0,50.0,63.37,-0.010462211118051346,0.8643194406493511,,70.88260105540832,71.10309957521794,121.79130062138418,114.89698890649763,92.25178331126017
2025-05-01,96.9575873671482,95.78,96.79495384547933,86.58,124.0,75.0,62.37,-0.01578033769922671,0.811217780114672,,92.10258022311865,88.00748521750377,154.1032783372616,172.34548335974645,90.79601901725259
2025-05-02,103.2382935415979,97.82,111.02287722392082,93.76,119.0,72.0,61.57,-0.01282667949334615,0.7911520361648238,,98.06878936670644,100.94373557620412,147.88943646882365,165.4516640253566,89.63140758204652
2025-05-03,103.34330560163008,97.17,26.56661395285961,75.76,88.0,50.0,,,,,98.16854310384187,24.15478071788571,109.36361688450825,114.89698890649763,
2025-05-04,116.31131532669032,103.37,110.75393937770102,79.38,98.0,58.0,,,,,110.48719900762146,100.69921308215551,121.79130062138418,133.28050713153726,
2025-05-05,68.0113281084206,99.07,190.78361905759405,92.53,127.0,75.0,,,,,64.60576189325714,173.46344893925738,157.8315834583244,172.34548335974645,
2025-05-06,98.83647183005334,94.47,74.78294678909585,98.42,133.0,68.0,62.37,0.012993340912782259,1.3176853241135773,,93.88738233787637,67.99382429138997,165.28819370044997,156.2599049128368,90.79601901725259
2025-05-07,57.94769883341764,92.09,136.8729162873485,106.8,85.0,44.0,60.31,-0.03302869969536626,1.5355049183905336,,55.046053903341345,124.44699520250907,105.63531176344546,101.10935023771792,87.79714457159697
2025-05-08,45.06664311873197,84.68,55.27761826962716,100.87,41.0,27.0,62.22,0.031669706516332274,2.340435705661871,,42.80999791704857,50.25927467757385,50.95350332119134,62.04437400950872,90.57765437315145
2025-05-09,112.51345858976336,86.0,107.25774737684364,100.33,104.0,62.0,64.26,0.032786885245901676,2.535277992443545,,106.87951430457522,97.52042065952365,129.24791086350973,142.47226624405707,93.54741353292692
2025-05-10,137.2162350474336,90.84,147.52018784545862,117.61,84.0,50.0,,,,,130.34533593038472,134.12766095036395,104.39254338975786,114.89698890649763,
2025-05-11,105.8522094685708,89.35,96.87185673373722,115.62,105.0,65.0,,,,,100.55181733695562,88.07740652571933,130.49067923719733,149.36608557844693,
2025-05-12,97.47947029786776,93.56,84.61895955489005,100.46,139.0,82.0,65.28,0.015873015873015817,2.5363120770571608,,92.59833064140888,76.93688086298253,172.74480394257552,188.43106180665612,95.03229311281464
2025-05-13,67.20920119298587,89.04,120.9780227877099,107.06,126.0,71.0,66.93,0.02527573529411775,2.4620689148909447,,63.843800291446684,109.99510955011903,156.5888150846368,163.15372424722665,97.43430419792715
2025-05-14,102.35985680341666,95.39,0.0,87.5,122.0,72.0,65.91,-0.015239802779023037,2.50137291678817,,97.23433904315512,0.0,151.61774158988644,165.4516640253566,95.94942461803942
2025-05-15,83.83489270645813,100.92,156.5916169823304,101.98,95.0,52.0,64.36,-0.02351691700804126,2.7933132614125853,,79.63698500205591,142.37554613391748,118.06299550032139,119.49286846275754,93.69298996232767
2025-05-16,99.83374218533602,99.11,126.77463355581928,104.77,113.0,59.0,65.2,0.013051584835301444,2.240684511160396,,94.8347158616959,115.26547867804267,140.43282622669807,135.5784469096672,94.91583196929403
2025-05-17,121.52145982407998,96.87,54.79486372252849,91.52,128.0,67.0,,,,,115.43645325966632,49.82034669652132,159.07435183201198,153.96196513470682,
2025-05-18,122.88031482177296,99.3,107.8623018741311,93.09,118.0,70.0,,,,,116.72726561210949,98.07009105936842,146.64666809513605,160.85578446909668,
2025-05-19,76.81497153150974,96.35,115.08761716744782,97.44,96.0,54.0,66.25,0.01610429447852746,2.0774598113653124,,72.96857595091728,104.63946067633708,119.30576387400899,124.08874801901744,96.444384478002
2025-05-20,45.96954560161058,93.32,74.64870012866878,90.82,125.0,71.0,66.93,0.010264150943396277,1.8080411031200547,,43.66768889947866,67.8717651290715,155.3460467109492,163.15372424722665,97.43430419792715
2025-05-21,88.50933271605895,91.34,62.23488476745538,99.71,111.0,61.0,65.86,-0.015986851934857382,1.9151304194006438,,84.07735937267775,56.584930139317194,137.9472894793229,140.17432646592712,95.87663640333903
2025-05-22,139.0145202388466,99.22,80.79826403710629,88.89,120.0,69.0,64.87,-0.015031885818402646,1.6684538587303073,,132.05357466242933,73.46304476984572,149.13220484251124,158.55784469096673,94.43542975227153
2025-05-23,114.99334248247432,101.39,77.21627864067796,81.81,105.0,60.0,65.41,0.008324340989671608,1.649410620100316,,109.23522169555577,70.20624765076529,130.49067923719733,137.87638668779715,95.22154247103562
2025-05-24,50.4048356046026,91.23,134.6689595244431,93.22,120.0,61.0,,,,,47.88088834478355,122.44312325954546,149.13220484251124,140.17432646592712,
2025-05-25,103.85173766838184,88.51,163.78848265224536,101.21,105.0,57.0,,,,,98.65151619019444,148.9190489085405,130.49067923719733,130.9825673534073,
2025-05-26,89.6802992674614,90.35,0.0,84.77,122.0,56.0,,,,,85.18969151364514,0.0,151.61774158988644,128.68462757527735,
2025-05-27,137.6651443933199,103.45,164.40192765684588,97.59,113.0,56.0,64.32,-0.016664118636294245,1.5075194582779459,,130.77176680769026,149.47680269661828,140.43282622669807,128.68462757527735,93.63475939056735
2025-05-28,64.89168087872099,100.07,112.34178398381196,104.75,110.0,63.0,65.72,0.02176616915422902,1.6613192039870488,,61.64232636393422,102.14290622057142,136.7045211056353,144.770206022187,95.67282940217797
2025-05-29,76.38576187615894,91.12,80.6875772210588,104.73,136.0,85.0,64.6,-0.01704199634814374,1.6397303304332453,,72.5608583314102,73.36240658634472,169.01649882151273,195.32488114104598,94.04237339288947
2025-05-30,120.9660556457556,91.98,107.5129049367282,109.06,133.0,86.0,64.32,-0.004334365325077472,1.5245599582898386,,114.90886012044483,97.75241390181108,165.28819370044997,197.62282091917592,93.63475939056735
2025-05-31,91.65222769883678,97.87,84.8207740708963,101.94,127.0,68.0,,,,,87.06287855838113,77.1203737758719,157.8315834583244,156.2599049128368,
2025-06-01,85.3091921271819,95.22,109.74531132303537,94.22,133.0,69.0,,,,,81.03746106955462,99.78215268712033,165.28819370044997,158.55784469096673,
2025-06-02,129.65197753104775,100.93,75.76979310084452,105.04,109.0,57.0,66.55,0.03467039800995031,2.056877343427976,,123.15984737142216,68.89108038525427,135.4617527319477,130.9825673534073,96.88111376620427
2025-06-03,128.24991030895424,99.59,110.61435841288612,97.36,108.0,60.0,67.48,0.01397445529676955,1.953931913367676,,121.82798658251782,100.57230388689723,134.21898435826012,137.87638668779715,98.23497455963131
2025-06-04,81.26429491620047,101.93,131.04785589583733,100.03,133.0,82.0,66.69,-0.011707172495554308,2.0550988265863124,,77.19510607718077,119.15075923223976,165.28819370044997,188.43106180665612,97.08492076736532
2025-06-05,104.41916289442548,105.93,28.324711774015483,92.55,107.0,65.0,67.14,0.006747638326585648,1.8643033587236215,,99.19052844102951,25.75327074096378,132.97621598457252,149.36608557844693,97.74001469966873
2025-06-06,92.66654993678732,101.89,102.21771878107492,91.79,96.0,59.0,68.02,0.013106940720881699,1.770939004765141,,88.02641011717678,92.93794787022931,119.30576387400899,135.5784469096672,99.0210872783954
2025-06-07,102.3802449239978,103.42,153.37058618281196,101.58,96.0,53.0,,,,,97.2537062588874,139.44693457709732,119.30576387400899,121.79080824088749,
2025-06-08,130.77470102310107,109.92,146.64936265414525,106.86,128.0,69.0,,,,,124.22635215256588,133.33589307294045,159.07435183201198,158.55784469096673,
2025-06-09,102.92955914422652,106.1,113.28728943655494,112.22,111.0,58.0,68.73,0.010438106439282668,1.480041402056974,,97.77551438561744,103.0025745591522,137.9472894793229,133.28050713153726,100.05467992714078
2025-06-10,120.70498179000244,105.02,86.04588597863476,108.71,104.0,52.0,68.41,-0.004655899898152294,1.4849060077969711,,114.6608591501586,78.23426467438091,129.24791086350973,119.49286846275754,99.58883535305836
2025-06-11,62.914456831610245,102.4,60.74794741934757,98.66,98.0,52.0,71.29,0.042099108317497524,1.7090780468668167,,59.764108873553475,55.23298345734597,121.79130062138418,119.49286846275754,103.7814365198002
2025-06-12,102.05790079418652,102.06,115.76818550226189,111.16,94.0,60.0,70.84,-0.006312245756768142,1.8000403932263067,,96.94750303249138,105.25824404557413,116.8202271266338,137.87638668779715,103.12634258749677
2025-06-13,77.42063110316268,99.88,40.43047105683165,102.33,76.0,45.0,76.0,0.07284020327498575,2.8549880402418517,,73.54390801930748,36.76001632844422,94.45039640025712,103.40729001584786,110.63808634457587
2025-06-14,154.1687719640922,107.28,103.023643269003,95.14,104.0,56.0,,,,,146.448999746188,93.6707070135518,129.24791086350973,128.68462757527735,
2025-06-15,114.54358583807034,104.96,178.1284264228313,99.63,124.0,74.0,,,,,108.80798594694704,161.9571499589768,154.1032783372616,170.04754358161648,
2025-06-16,46.48978689145218,96.9,59.146767052267045,91.9,52.0,29.0,75.05,-0.012500000000000067,3.078616972445511,,44.16187987961901,53.77716523658056,64.62395543175487,66.64025356576863,109.25511026526867
2025-06-17,138.6635797840644,99.47,106.92702050479812,94.88,87.0,49.0,78.7,0.04863424383744186,3.2996020609980157,,131.7202070295517,97.21971861725561,108.12084851082065,112.59904912836768,114.56864993839632
2025-06-18,92.7472551205942,103.73,112.14174756926832,102.22,118.0,63.0,78.38,-0.004066073697585826,3.4238891606541597,,88.1030741088028,101.96102998532865,146.64666809513605,144.770206022187,114.1028053643139
2025-06-19,81.91390809845689,100.85,51.4289176538073,93.03,108.0,60.0,80.37,0.02538912988007147,3.2557593401036056,,77.8121908444224,46.75997591150306,134.21898435826012,137.87638668779715,116.99977630938898
2025-06-20,55.05480986950607,97.65,61.46763398633907,96.04,105.0,54.0,78.73,-0.02040562398905066,3.514714896623805,,52.29802205652666,55.88733373480829,130.49067923719733,124.08874801901744,114.61232286721655
2025-06-21,89.9197670110143,88.48,156.4111396838755,103.66,88.0,49.0,,,,,85.4171682657008,142.21145335278734,109.36361688450825,112.59904912836768,
2025-06-22,102.29106675501436,86.73,0.0,78.22,89.0,51.0,,,,,97.1689935542298,0.0,110.60638525819583,117.19492868462758,
2025-06-23,132.37673069536166,99.0,114.86357638315894,86.18,92.0,44.0,74.34,-0.05576019306490543,4.396088932735283,,125.74816256901597,104.4357592928652,114.33469037925862,101.10935023771792,108.22151761652329
2025-06-24,70.29093181402031,89.23,130.1001278162661,89.49,75.0,42.0,69.13,-0.07008340059187523,4.182038145058389,,66.77121782995319,118.28907004660074,93.20762802656952,96.51347068145802,100.63698564474382
2025-06-25,83.50550540771884,87.91,70.98269943813212,83.61,63.0,42.0,68.4,-0.010559814841602622,4.182823716608617,,79.32409128295238,64.53857999118911,78.2944075423184,96.51347068145802,99.5742777101183
2025-06-26,68.3203802427361,85.97,151.05460902776213,97.84,81.0,44.0,68.57,0.0024853801169588685,3.338931136242328,,64.89933870108482,137.34121194239776,100.66423826869509,101.10935023771792,99.82175764009955
2025-06-27,120.71112470425544,95.35,72.44696599259164,99.41,95.0,51.0,69.37,0.011666909727286123,3.5050334259285463,,114.6666944671065,65.86991403316614,118.06299550032139,117.19492868462758,100.98636907530563
2025-06-28,83.73575877989222,94.46,112.37156718331067,93.12,89.0,44.0,,,,,79.54281505958615,102.16998557115198,110.60638525819583,101.10935023771792,
2025-06-29,65.43231028914373,89.2,28.21180233113973,97.15,130.0,72.0,,,,,62.15588455980687,25.65061171040453,161.55988857938718,165.4516640253566,
2025-06-30,106.88946172265544,85.56,138.97596579225075,100.59,113.0,60.0,68.15,-0.017586853106530187,2.981075171897145,,101.53713072539303,126.359120689028,140.43282622669807,137.87638668779715,99.2103366366164
2025-07-01,59.26858426628807,83.98,85.4448876842725,94.21,100.0,48.0,67.63,-0.007630227439471948,3.037407843961324,,56.30079796051163,77.68782762982931,124.27683736875936,110.30110935023772,98.45333920373244
2025-07-02,153.2772550550446,93.95,57.70339318999318,92.32,86.0,48.0,70.8,0.04687268963477753,3.5220451450122168,,145.60212422189414,52.4648271569511,106.87808013713305,110.30110935023772,103.06811201573646
2025-07-03,88.97185179438515,96.9,165.80796138840495,94.42,76.0,41.0,70.42,-0.005367231638418013,2.156661589274024,,84.51671849529032,150.7551905456691,94.45039640025712,94.21553090332806,102.51492158401358
2025-07-04,78.51295776089503,90.87,57.46023781498123,92.28,108.0,66.0,71.03,0.0086623118432263,2.0785687440890714,,74.58153804245029,52.24374648877823,134.21898435826012,151.66402535657687,103.40293780335821
2025-07-05,74.0931839120076,89.49,106.31890980458545,91.42,79.0,51.0,,,,,70.38307780288453,96.66681486211762,98.1787015213199,117.19492868462758,
2025-07-06,94.91829870361904,93.7,61.82325427886111,96.22,87.0,47.0,,,,,90.16540590978141,56.21066926412875,108.12084851082065,108.00316957210778,
2025-07-07,66.784175074066,87.98,173.77830119455535,101.19,71.0,37.0,71.95,0.012952273687174554,2.0901607566878067,,63.44005672399894,158.00194809656415,88.23655453181915,85.02377179080824,104.74224095384518
2025-07-08,135.9310420646195,98.93,91.75714787653884,102.09,94.0,47.0,72.5,0.007644197359277127,2.080961866254453,,129.12449707686008,83.42703327526763,116.8202271266338,108.00316957210778,105.54291131554935
2025-07-09,121.96322008872356,94.45,103.24057164744144,108.6,115.0,71.0,71.98,-0.007172413793103405,1.9102203571621574,,115.85609303535145,93.86794168643729,142.91836297407326,163.15372424722665,104.78591388266541
2025-07-10,146.6494742252995,102.69,41.61335305483311,90.86,99.0,58.0,70.38,-0.022228396776882597,2.1711030579145563,,139.30621967074936,37.83551113284644,123.03406899507178,133.28050713153726,102.45669101225329
2025-07-11,111.602506770967,107.42,66.99930763651952,92.22,75.0,50.0,72.06,0.023870417732310356,1.5260068918742793,,106.0141770447651,60.916817893388185,93.20762802656952,114.89698890649763,104.90237502618601
2025-07-12,43.57550363996977,103.06,81.11254347062265,88.62,119.0,67.0,,,,,41.39352503239954,73.7487925438827,147.88943646882365,153.96196513470682,
2025-07-13,124.12144828166888,107.23,105.98107052668948,94.93,95.0,54.0,,,,,117.9062511578698,96.35964610926315,118.06299550032139,124.08874801901744,
2025-07-14,97.2194026091043,111.58,87.35679128194417,82.58,115.0,63.0,70.96,-0.015265056897030393,1.652958039644125,,92.35128545579515,79.4261602693385,142.91836297407326,144.770206022187,103.30103430277767
2025-07-15,55.53692272605309,100.1,133.69189277073878,88.57,131.0,68.0,70.27,-0.009723788049605386,1.6608457929026308,,52.755993828024806,121.55475889273748,162.80265695307477,156.2599049128368,102.29655693991245
2025-07-16,121.77120106215948,100.07,79.65094406835703,85.2,132.0,74.0,69.67,-0.00853849437882448,1.5455758150096,,115.67368907627278,72.41988351837556,164.04542532676237,170.04754358161648,101.4230983635079
2025-07-17,72.91972842120956,89.54,95.61207184747786,92.91,108.0,58.0,71.32,0.023683077364719196,1.845237775350085,,69.26838135246412,86.93199041310154,134.21898435826012,133.28050713153726,103.8251094486204
2025-07-18,122.0282502499538,91.02,133.2415885753327,102.38,105.0,57.0,71.06,-0.003645541222658366,1.8341681327477382,,115.91786690786904,121.14533527873542,130.49067923719733,130.9825673534073,103.44661073217843
2025-07-19,94.58594586006797,98.31,105.07779498368348,105.8,106.0,64.0,,,,,89.84969514111685,95.53837386478915,131.73344761088492,147.06814580031696,
2025-07-20,85.27439993180059,92.76,51.21776810512233,97.98,136.0,80.0,,,,,81.00441104166859,46.567995440969035,169.01649882151273,183.8351822503962,
2025-07-21,89.1180637448384,91.6,169.89759475240848,109.77,97.0,53.0,71.92,0.012102448634956353,1.642514100542291,,84.6556090995419,154.47354913285452,120.54853224769658,121.79080824088749,104.69856802502495
2025-07-22,105.2176358350028,98.7,27.10493417066486,94.54,91.0,38.0,69.69,-0.031006674082313723,1.7947287100826912,,99.94901903534509,24.644229875394572,113.09192200557102,87.3217115689382,101.45221364938806
2025-07-23,100.10493066714372,95.61,159.43924647470072,105.94,125.0,68.0,69.17,-0.00746161572679005,1.7410770564516103,,95.09232498316362,144.96465538495116,155.3460467109492,156.2599049128368,100.69521621650411
2025-07-24,114.63504112182,101.57,26.016291550181737,96.0,107.0,58.0,70.42,0.01807141824490377,1.8866866435841794,,108.89486174323191,23.65441898626228,132.97621598457252,133.28050713153726,102.51492158401358
2025-07-25,142.84441545097246,104.54,143.15317065328787,97.42,93.0,57.0,69.23,-0.016898608349900535,1.9774053020271285,,135.6916935616263,130.1571006503086,115.57745875294621,130.9825673534073,100.78256207414456
2025-07-26,60.83264437372616,99.72,79.45668648356687,93.76,93.0,59.0,,,,,57.78654008168889,72.24326148548425,115.57745875294621,135.5784469096672,
2025-07-27,95.20230257550632,101.14,92.73865988389971,99.69,117.0,68.0,,,,,90.43518870970944,84.31943933619215,145.40389972144845,156.2599049128368,
2025-07-28,50.22473171344307,95.58,71.353878118452,85.61,117.0,69.0,70.87,0.02368915210168998,1.9775303426800097,,47.70980288840556,64.87606144991734,145.40389972144845,158.55784469096673,103.170015516317
2025-07-29,137.62881646937538,100.21,77.31229611965892,92.78,116.0,66.0,73.21,0.03301820234231667,2.3399418108264918,,130.7372579505673,70.29354824368183,144.16113134776086,151.66402535657687,106.57650396429472
2025-07-30,70.22653712667835,95.94,163.37996384121064,93.34,102.0,59.0,73.98,0.010517688840322448,2.3321162297412203,,66.71004761091301,148.5476172192336,126.76237411613455,135.5784469096672,107.69744247068056
2025-07-31,92.17749982362696,92.73,68.75429378011583,99.45,125.0,69.0,73.43,-0.007434441741011044,1.8601813711842496,,87.561848461884,62.51247873058471,155.3460467109492,158.55784469096673,106.8967721089764
2025-08-01,73.72884554941496,82.86,111.99816587616252,95.0,70.0,48.0,70.55,-0.039221026828272,2.549563799799376,,70.03698314252564,101.83048326536549,86.99378615813156,110.30110935023772,102.70417094223457
2025-08-02,131.91447639782223,93.01,106.74565415561187,98.9,115.0,66.0,,,,,125.30905496868563,97.05481749730217,142.91836297407326,151.66402535657687,
2025-08-03,63.66516331825464,88.51,62.04418338559044,94.51,96.0,53.0,,,,,60.477224848153405,56.411541461719096,119.30576387400899,121.79080824088749,
2025-08-04,83.08100885037251,93.2,67.66965188792358,93.99,52.0,29.0,69.56,-0.014032600992204047,2.5241165045462197,,78.92085076006911,61.52630536615727,64.62395543175487,66.64025356576863,101.26296429116707
2025-08-05,166.53784754948342,97.33,153.327022696978,104.85,88.0,45.0,69.14,-0.006037952846463468,2.4457086402705133,,158.1987122475462,139.40732597475554,109.36361688450825,103.40729001584786,100.65154328768388
2025-08-06,148.19738270474477,108.47,34.15644004601142,86.39,82.0,37.0,67.97,-0.016922186867225908,2.2672515083864404,,140.77661893271014,31.055569252407835,101.90700664238268,85.02377179080824,98.94829906369502
2025-08-07,63.53896879528105,104.38,174.51310162397905,101.49,82.0,43.0,66.99,-0.014418125643666402,1.4926646635066556,,60.35734932843898,158.6700401340226,101.90700664238268,98.81141045958796,97.52165005556758
2025-08-08,108.4945098958852,109.35,94.09624035060264,98.94,86.0,51.0,67.17,0.002686968204209661,1.3094463318044476,,103.06180849586067,85.55377271937306,106.87808013713305,117.19492868462758,97.78368762848896
2025-08-09,59.34388792204487,98.98,91.67446615852748,96.78,69.0,44.0,,,,,56.37233089757999,83.35185776470065,85.75101778444396,101.10935023771792,
2025-08-10,109.74406338480036,105.56,83.94328099909816,99.91,60.0,32.0,,,,,104.24879245019616,76.32254335727364,74.56610242125562,73.53407290015848,
2025-08-11,108.86011920625434,109.25,55.33674014325896,98.15,90.0,51.0,67.36,0.002828643739764658,1.4411538941917699,,103.40911046317429,50.31302920932338,111.84915363188342,117.19492868462758,98.0602828443504
2025-08-12,96.8644904425206,99.29,79.75362942782279,87.64,147.0,77.0,66.8,-0.008313539192399078,0.8084454575845408,,92.01414498868394,72.51324665246686,182.68695093207626,176.94136291600634,97.24505483970616
2025-08-13,126.24583749006524,96.16,95.67786160159444,96.43,90.0,51.0,66.25,-0.008233532934131649,0.7616218655309842,,119.9242647327182,86.99180748602585,111.84915363188342,117.19492868462758,96.444384478002
2025-08-14,65.57174385145571,96.45,146.22128472702184,92.39,105.0,56.0,68.12,0.028226415094339652,1.535423849051092,,62.28833619363316,132.94667792952094,130.49067923719733,128.68462757527735,99.16666370779616
2025-08-15,57.84332224727372,89.21,62.84299546766808,87.92,70.0,43.0,67.3,-0.012037580739870934,1.465942008197226,,54.94690381968329,57.13783389445519,86.99378615813156,98.81141045958796,97.97293698670994
2025-08-16,125.80508339241136,98.7,79.11351290128309,86.13,73.0,44.0,,,,,119.50558074170556,71.93124269968999,90.72209127919433,101.10935023771792,
2025-08-17,113.46587507976756,99.24,106.489607544996,89.35,83.0,45.0,,,,,107.78423995378373,96.82201591619142,103.14977501607028,103.40729001584786,
2025-08-18,80.66546668884615,95.21,61.86415061250115,90.28,100.0,52.0,68.18,0.013075780089153222,1.4243386458973333,,76.62626328367232,56.24785285000061,124.27683736875936,119.49286846275754,99.25400956543662
2025-08-19,106.94813714500322,96.65,104.05183043975735,93.75,117.0,60.0,66.62,-0.022880610149604075,1.7191832380229124,,101.59286806313689,94.6055508626996,145.40389972144845,137.87638668779715,96.98301726678478
2025-08-20,100.88206227630756,93.03,86.47263032966123,92.44,84.0,49.0,67.61,0.014860402281597018,1.8215001251305127,,95.83054288153086,78.62226730956547,104.39254338975786,112.59904912836768,98.42422391785229
2025-08-21,114.67301068664251,100.04,50.64299680733357,78.78,85.0,49.0,68.41,0.011832569146575933,1.8150268905832716,,108.93093003850478,46.04540439170482,105.63531176344546,112.59904912836768,99.58883535305836
2025-08-22,93.7961577292966,105.18,101.017500293813,84.24,134.0,83.0,68.29,-0.0017541295132289525,1.7606297758665475,,89.09945447765863,91.84669045877271,166.53096207413756,190.72900158478606,99.41414363777746
2025-08-23,96.72203837923946,101.02,148.29055030413448,94.12,116.0,66.0,,,,,91.87882600084012,134.8280865407544,144.16113134776086,151.66402535657687,
2025-08-24,91.69766408184616,97.91,106.23889523876797,94.08,128.0,72.0,,,,,87.1060397820131,96.5940643680205,159.07435183201198,165.4516640253566,
2025-08-25,132.6715905795064,105.34,111.29626032379714,101.14,88.0,43.0,,,,,126.0282577825157,101.19229976436922,109.36361688450825,98.81141045958796,
2025-08-26,93.08935189709833,103.36,94.80170210589324,99.82,76.0,40.0,66.89,-0.020500805388783183,1.6229241914149841,,88.42804089745371,86.19518957566252,94.45039640025712,91.9175911251981,97.37607362616684
2025-08-27,103.83680403200812,103.78,84.90256673817638,99.6,93.0,47.0,67.75,0.012856929286888974,1.6512548896977235,,98.63733033347623,77.19474094761559,115.57745875294621,108.00316957210778,98.62803091901336
2025-08-28,71.57983172784917,97.63,94.7928115985802,105.91,100.0,60.0,68.61,0.012693726937269334,1.6466820486181188,,67.99557799542916,86.18710618742952,124.27683736875936,137.87638668779715,99.87998821185987
2025-08-29,108.64162210101348,99.75,102.8351645139663,106.17,128.0,67.0,67.83,-0.0113686051595977,1.4085146384605385,,103.2015542758719,93.49933918301194,159.07435183201198,153.96196513470682,98.74449206253396
2025-08-30,91.09756490671536,98.94,67.00375289017605,94.55,105.0,64.0,,,,,86.5359896815499,60.920859587504694,130.49067923719733,147.06814580031696,
2025-08-31,109.39121650835344,101.47,40.43047105683165,85.15,100.0,56.0,,,,,103.9136138568864,36.76001632844422,124.27683736875936,128.68462757527735,
2025-09-01,31.721532597156852,87.05,118.94920901887164,86.25,110.0,65.0,67.09,-0.01090962700869813,1.3728092052124183,,30.133123978906262,108.15048035534576,136.7045211056353,149.36608557844693,97.66722648496835
2025-09-02,156.72851374209236,96.14,27.869962324952912,76.68,102.0,54.0,68.09,0.014905351021016644,1.4246936586068475,,148.88056625749138,25.339805432845232,126.76237411613455,124.08874801901744,99.12299077897593
2025-09-03,107.91659935068554,96.73,85.90185976016333,76.83,100.0,47.0,67.76,-0.004846526655896577,1.4336983581215883,,102.51283596264896,78.10331378500612,124.27683736875936,108.00316957210778,98.64258856195345
2025-09-04,83.21641774472562,98.39,84.6989741207075,75.38,59.0,32.0,66.41,-0.019923258559622292,1.4207294022453394,,79.0494792552054,77.00963135707963,73.32333404756803,73.53407290015848,96.6773067650432
2025-09-05,76.90679750836085,93.85,197.5675206628177,88.92,138.0,86.0,64.92,-0.022436380063243444,1.4746501434214023,,73.05580387839727,179.63147833045693,171.50203556888792,197.62282091917592,94.50821796697191
2025-09-06,173.06268160933317,105.56,28.19579941797624,83.37,94.0,54.0,,,,,164.39682493535705,25.636061611585113,116.8202271266338,124.08874801901744,
2025-09-07,75.4089855537721,100.71,138.41319667933462,97.37,117.0,65.0,,,,,71.63299263223585,125.84744221387837,145.40389972144845,149.36608557844693,
2025-09-08,87.64884811522057,108.7,57.12728831610746,88.54,113.0,61.0,65.44,0.00800985828712264,1.383591890298659,,83.25996225986214,51.94102359945194,140.43282622669807,140.17432646592712,95.26521539985585
2025-09-09,126.55631944062932,104.39,55.773708577695416,92.53,107.0,51.0,67.97,0.038661369193154105,2.168776131412918,,120.21919976086998,50.7103277409759,132.97621598457252,117.19492868462758,98.94829906369502
2025-09-10,121.48968612966785,106.33,116.82926755007456,96.94,107.0,53.0,67.62,-0.005149330587023604,2.128854811686354,,115.40627058579783,106.2229964311841,132.97621598457252,121.79080824088749,98.43878156079236
2025-09-11,76.76609299827238,105.41,98.6655165841453,98.94,77.0,38.0,67.25,-0.005471753918958933,2.049939693848805,,72.92214493761624,89.70823010172944,95.69316477394472,87.3217115689382,97.90014877200956
2025-09-12,99.2681174686424,108.6,85.40532492672943,82.92,66.0,43.0,67.87,0.009219330855018582,2.0814373422959025,,94.29741396238003,77.65185655219241,82.02271266338118,98.81141045958796,98.80272263429426
2025-09-13,123.7500667501482,101.56,96.66337433724615,92.7,73.0,40.0,,,,,117.55346600480341,87.88785107165518,90.72209127919433,91.9175911251981,
2025-09-14,71.44865932608435,100.99,41.83205953473417,78.9,59.0,35.0,,,,,67.87097385680867,38.03436248337853,73.32333404756803,80.42789223454834,
2025-09-15,136.88923077577525,108.02,141.29727725168843,90.92,70.0,37.0,67.88,0.00014734050390430298,1.8833839255586813,,130.03470591182136,128.46969335666736,86.99378615813156,85.02377179080824,98.81728027723433
2025-09-16,61.6060160957179,98.75,102.67424633160007,97.62,76.0,48.0,69.69,0.026664702416028252,1.6678778061997832,,58.52118636364835,93.35302985599444,94.45039640025712,110.30110935023772,101.45221364938806
2025-09-17,70.49963203015078,91.46,68.58981939482437,90.73,128.0,71.0,69.19,-0.0071746305065288896,1.7963802558735715,,66.96946769281281,62.36293604827398,159.07435183201198,163.15372424722665,100.72433150238426
2025-09-18,130.7097238180282,99.17,68.15685168867878,86.37,106.0,61.0,67.83,-0.019656019656019597,1.4663026347812425,,124.16462858450475,61.96927504132631,131.73344761088492,140.17432646592712,98.74449206253396
2025-09-19,74.55257857704994,95.64,77.78438205798194,85.29,67.0,36.0,67.05,-0.011499336576735963,1.5206401477401195,,70.81946896256669,70.72277615885476,83.26548103706878,82.7258320126783,97.60899591320805
2025-09-20,132.64410633383991,96.91,175.04119775837427,96.48,77.0,55.0,,,,,126.00214976961948,159.15019339506347,95.69316477394472,126.38668779714739,
2025-09-21,142.43660008319253,107.05,67.65053729720051,100.17,80.0,54.0,,,,,135.304298942524,61.508926081456295,99.42146989500749,124.08874801901744,
2025-09-22,36.86876517961047,92.76,58.043010569351736,88.28,54.0,30.0,66.87,-0.0026845637583891024,1.5109338975860944,,35.022616536691515,52.77361258745215,67.10949217913006,68.93819334389858,97.34695834028669
2025-09-23,155.4990306368142,106.17,97.21814199358056,87.5,107.0,63.0,67.96,0.016300284133393017,1.6090238843525697,,147.7126476921495,88.39225449739511,132.97621598457252,144.770206022187,98.93374142075493
2025-09-24,77.14054598691958,107.12,82.26075249010321,89.45,106.0,60.0,69.64,0.024720423778693545,1.8544818564091254,,73.27784774915659,74.79276213417616,131.73344761088492,137.87638668779715,101.37942543468768
2025-09-25,89.51915368063443,101.24,74.62469575892354,90.37,75.0,30.0,70.48,0.012062033314187204,1.6221186909737155,,85.03661505267534,67.84993998084236,93.20762802656952,68.93819334389858,102.60226744165404
2025-09-26,106.45056109050894,105.79,96.08815851409176,92.99,66.0,30.0,71.15,0.009506242905788831,1.5918479720258762,,101.12020739035607,87.36485585297933,82.02271266338118,68.93819334389858,103.57762951863913
2025-09-27,134.205465677253,106.02,119.75957876045624,85.09,85.0,49.0,,,,,127.48532636351793,108.88728119278477,105.63531176344546,112.59904912836768,
2025-09-28,87.31342381454297,98.14,111.50696534711646,91.36,110.0,69.0,,,,,82.94133383272359,101.3838760654916,136.7045211056353,158.55784469096673,
2025-09-29,61.96537657951932,101.73,60.04026303722869,91.64,97.0,56.0,69.0,-0.03021784961349272,1.8788144910159337,,58.86255240510118,54.58954575399824,120.54853224769658,128.68462757527735,100.44773628652283
2025-09-30,157.117264893225,101.96,134.94412072578203,97.03,129.0,72.0,68.52,-0.006956521739130528,1.829194063664692,,149.24985127227256,122.69330412535717,160.31712020569958,165.4516640253566,99.74896942539918
2025-10-01,105.02386925524604,105.94,51.24043889877061,92.6,115.0,69.0,66.67,-0.02699941622883817,2.161319513195161,,99.76495502920365,46.58860808096322,142.91836297407326,158.55784469096673,97.05580548148517
2025-10-02,95.69124677635196,106.82,68.46179608951644,91.72,122.0,74.0,65.44,-0.018449077546122794,2.1170786814656637,,90.89964975608932,62.24653525771862,151.61774158988644,170.04754358161648,95.26521539985585
2025-10-03,112.37963838013086,107.67,87.82709911880457,90.54,136.0,76.0,66.13,0.010544009779950958,1.8318533087236373,,106.75239494313237,79.8537715068648,169.01649882151273,174.6434231378764,96.26969276272108
2025-10-04,75.47819925143322,99.28,84.85100179576068,85.55,149.0,90.0,,,,,71.69874055681274,77.14785729586413,185.17248767945145,206.81458003169573,
2025-10-05,80.49515968679702,98.31,77.61812957122788,80.71,135.0,77.0,,,,,76.46448415173711,70.57161679889742,167.77373044782513,176.94136291600634,
2025-10-06,183.2228499591917,115.63,134.26533049243056,91.32,75.0,34.0,67.09,0.014516860728867487,1.8767102043721249,,174.04823794937667,122.07613743376672,93.20762802656952,78.1299524564184,97.66722648496835
2025-10-07,47.23286769143766,99.93,74.65936873744444,82.7,35.0,19.0,67.1,0.00014905351020999547,1.7710137941664439,,44.86775201249049,67.88146519495112,43.49689307906578,43.6608557844691,97.68178412790841
2025-10-08,107.21233541404024,100.24,117.44048992784684,92.16,58.0,29.0,67.42,0.004769001490313007,1.5223687903291665,,101.84383699635353,106.77872937220367,72.08056567388043,66.64025356576863,98.14762870199085
2025-10-09,116.25830621317938,103.18,95.11820416623786,95.97,56.0,32.0,67.23,-0.0028181548501927667,1.5133751771278248,,110.43684424671748,86.48295819675775,69.59502892650525,73.53407290015848,97.87103348612942
2025-10-10,76.60214073510568,98.07,110.83884372254064,99.26,63.0,29.0,64.41,-0.041945560017849326,1.955606117175256,,72.76640234045472,100.77640943978076,78.2944075423184,66.64025356576863,93.76577817702804
2025-10-11,127.26656742305556,105.47,80.16792706861096,98.59,51.0,25.0,,,,,120.893883130744,72.88993254412519,63.381187058067276,57.44849445324881,
2025-10-12,75.32536778131079,104.73,137.61927437627915,107.16,67.0,32.0,,,,,71.55356189550523,125.12559564467043,83.26548103706878,73.53407290015848,
2025-10-13,129.72738709911923,97.09,27.10493417066486,91.85,87.0,43.0,64.15,-0.004036640273249348,1.8608872635466265,,123.2314809174034,24.644229875394572,108.12084851082065,98.81141045958796,93.38727946058609
2025-10-14,100.42939304324914,104.69,99.60702130859742,95.41,136.0,75.0,63.0,-0.017926734216679785,1.8344081724328418,,95.40054038781751,90.56426091560539,169.01649882151273,172.34548335974645,91.71315052247736
2025-10-15,109.4786471241442,105.01,51.24355057633018,85.96,61.0,39.0,62.33,-0.010634920634920664,1.5764776253059203,,103.99666651448125,46.59143726684477,75.80887079494322,89.61965134706816,90.73778844549228
2025-10-16,99.80128006087828,102.66,138.6287914816761,92.17,51.0,26.0,61.08,-0.020054548371570724,1.5366846523509279,,94.8038792298936,126.0434643785289,63.381187058067276,59.74643423137877,88.91808307798281
2025-10-17,128.1891695964697,110.03,61.82325427886111,85.17,67.0,28.0,61.23,0.0024557956777995216,1.4933914002578497,,121.77028737097254,56.21066926412875,83.26548103706878,64.34231378763867,89.13644772208394
2025-10-18,71.14416142130125,102.01,69.83360136792024,83.69,85.0,51.0,,,,,67.58172323223549,63.49380206207233,105.63531176344546,117.19492868462758,
2025-10-19,80.40852341336657,102.74,98.6317326563557,78.12,71.0,41.0,,,,,76.38218606098899,89.67751322644398,88.23655453181915,94.21553090332806,
2025-10-20,70.75101490910825,94.31,96.63892544213527,88.06,66.0,36.0,60.71,-0.00849256900212303,1.4397664183487497,,67.20826294756917,87.86562175401441,82.02271266338118,82.7258320126783,88.37945028920001
2025-10-21,147.59622440646686,101.05,97.52842069880604,87.76,80.0,45.0,61.0,0.004776807774666381,0.9475353837760488,,140.20556274311795,88.67436474672722,99.42146989500749,103.40729001584786,88.8016219344622
2025-10-22,89.40593341621246,98.19,67.61453074258267,90.1,99.0,58.0,62.28,0.020983606557376966,1.4483808413610526,,84.92906412479057,61.47618835911261,123.03406899507178,133.28050713153726,90.6650002307919
2025-10-23,100.845734352363,98.33,119.94716846476162,87.43,93.0,55.0,66.32,0.06486833654463697,2.8429454204514903,,95.79603402440786,109.05784068450131,115.57745875294621,126.38668779714739,96.5462879785825
2025-10-24,91.92399869837536,93.15,62.31000955425067,87.5,118.0,71.0,65.8,-0.007840772014475195,2.8147327143343106,,87.32104102886976,56.653234769886154,146.64666809513605,163.15372424722665,95.78929054569858
2025-10-25,80.38204533468978,94.47,153.7217612216775,99.48,113.0,68.0,,,,,76.35703383276523,139.7662284123013,140.43282622669807,156.2599049128368,
2025-10-26,84.57029486362735,95.07,53.15723227546445,92.99,80.0,41.0,,,,,80.3355629887425,48.33138658400055,99.42146989500749,94.21553090332806,
2025-10-27,69.8090307821027,94.93,143.01492326456992,99.61,89.0,51.0,65.52,-0.004255319148936176,2.607029977197217,,66.31344727628081,130.03140396328524,110.60638525819583,117.19492868462758,95.38167654337646
2025-10-28,115.87739257333504,90.4,119.81914515945368,102.8,129.0,71.0,64.03,-0.02274114774114766,2.892605839643871,,110.07500429149052,108.94143989394595,160.31712020569958,163.15372424722665,93.21258774530517
2025-10-29,119.26176763364522,94.67,157.47133268095683,115.63,100.0,58.0,65.01,0.015305325628611754,2.8225048999292714,,113.28991179859455,143.175397399574,124.27683736875936,133.28050713153726,94.6392367534326
2025-10-30,105.34144733089548,95.31,26.56661395285961,102.29,85.0,42.0,65.11,0.0015382248884785454,2.835417904425109,,100.06663085451937,24.15478071788571,105.63531176344546,96.51347068145802,94.78481318283335
2025-10-31,120.57539807295822,99.4,75.87247846031028,104.23,99.0,56.0,65.44,0.0050683458762095235,2.793299828484142,,114.53776414523153,68.98444351934556,123.03406899507178,128.68462757527735,95.26521539985585
2025-11-01,147.74916178890402,109.03,107.77695300392584,97.67,88.0,55.0,,,,,140.3508420133384,97.99249053233154,109.36361688450825,126.38668779714739,
2025-11-02,60.53545441865785,105.59,97.09367489119784,103.95,73.0,43.0,,,,,57.504231472105445,88.27908706213296,90.72209127919433,98.81141045958796,
2025-11-03,114.01698980934631,111.91,113.61890535933176,99.75,30.0,15.0,65.79,0.0053484107579462314,1.210686162090897,,108.30775843203298,103.30408494024354,37.28305121062781,34.46909667194929,95.77473290275852
2025-11-04,109.4478266405644,110.99,131.64752061410266,101.44,59.0,38.0,65.04,-0.011399908800729608,1.2506146589139073,,103.96738932082877,119.69598376855645,73.32333404756803,87.3217115689382,94.68290968225283
2025-11-05,66.88600976465693,103.51,26.55861249627786,82.73,59.0,36.0,63.54,-0.02306273062730635,1.4954556681598137,,63.5367921937475,24.147505668475997,73.32333404756803,82.7258320126783,92.49926324124145
2025-11-06,126.61732493390063,106.55,145.05885089584038,99.66,87.0,49.0,63.41,-0.002045955303745739,1.2548090589774052,,120.27715049469751,131.88977491805466,108.12084851082065,112.59904912836768,92.31001388302047
2025-11-07,117.10819958254704,106.05,29.20709462483581,92.99,94.0,50.0,63.72,0.0048888187982969455,1.0734292880796157,,111.2441804682436,26.5555470230902,116.8202271266338,114.89698890649763,92.76130081416282
2025-11-08,136.08588586872136,104.39,153.47593869447164,99.52,123.0,72.0,,,,,129.2715873075126,139.54272272765854,152.86050996357403,165.4516640253566,
2025-11-09,133.3539836231647,114.79,159.12763419337827,108.38,86.0,56.0,,,,,126.67648100829838,144.68133262738408,106.87808013713305,128.68462757527735,
2025-11-10,93.35889873802807,111.84,118.20774070896314,109.04,73.0,44.0,63.01,-0.011142498430634085,1.0946240280414137,,88.68409058077154,107.47632577671256,90.72209127919433,101.10935023771792,91.72770816541744
2025-11-11,103.10261986645804,110.93,41.61335305483311,96.18,99.0,60.0,63.86,0.01348992223456591,1.2535999640937963,,97.93990934928793,37.83551113284644,123.03406899507178,137.87638668779715,92.96510781532388
2025-11-12,120.2794790656664,118.56,96.52468242316256,106.17,71.0,40.0,61.88,-0.031005324146570534,1.548300386290704,,114.25666284260285,87.7617502152202,88.23655453181915,91.9175911251981,90.08269451318887
2025-11-13,145.84369333500737,121.3,138.89061692204547,105.29,78.0,42.0,62.14,0.004201680672268893,1.612429554448334,,138.540787061444,126.2815201619911,96.9359331476323,96.51347068145802,90.46119322963085
2025-11-14,71.66922172146202,114.81,88.8041658725089,113.81,85.0,50.0,63.45,0.02108142903121979,1.7115247736527168,,68.08049191791257,80.74213587367281,105.63531176344546,114.89698890649763,92.36824445478076
2025-11-15,127.3258253631342,113.56,98.56861005443304,105.96,80.0,45.0,,,,,120.95017381750874,89.6201211699896,99.42146989500749,103.40729001584786,
2025-11-16,104.23026828114524,109.4,58.72402342953146,91.62,56.0,24.0,,,,,99.01109244488123,53.392800126100845,69.59502892650525,55.15055467511886,
2025-11-17,105.60734019696784,111.15,113.01657348887257,90.88,53.0,33.0,63.16,-0.0045705279747834116,1.7190112688957884,,100.31920953034233,102.75643538745702,65.86672380544246,75.83201267828844,91.94607280951857
2025-11-18,113.24319443809574,112.6,115.7428475564197,101.47,53.0,31.0,64.86,0.026915769474350926,2.0097601008360835,,107.57270971442195,105.23520638911006,65.86672380544246,71.23613312202853,94.42087210933146
2025-11-19,55.79391895769004,103.39,106.17177190855442,102.85,78.0,48.0,63.78,-0.016651248843663202,2.0825117691649293,,53.00012135516459,96.53303478686125,96.9359331476323,110.30110935023772,92.84864667180327
2025-11-20,125.31725127087014,100.46,93.0387145057152,96.3,80.0,55.0,63.64,-0.002195045468799006,2.020781799985189,,119.04217608891108,84.5922536890563,99.42146989500749,126.38668779714739,92.64483967064221
2025-11-21,68.80641185492729,100.05,67.68521027572142,93.28,58.0,39.0,62.78,-0.013513513513513487,1.652685916635584,,65.36103300236007,61.54045129556504,72.08056567388043,89.61965134706816,91.3928823777957
2025-11-22,127.80608475417388,100.11,186.58107625071477,105.85,64.0,36.0,,,,,121.40638493303125,169.64243132151273,79.53717591600599,82.7258320126783,
2025-11-23,105.99164303088276,100.37,0.0,97.46,67.0,33.0,,,,,100.6842689707819,0.0,83.26548103706878,75.83201267828844,
2025-11-24,122.56289561459556,102.79,87.08118555523959,93.76,59.0,30.0,64.83,0.03265371137304873,2.019763785392585,,116.4257407001631,79.17557523411514,73.32333404756803,68.93819334389858,94.37719918051123
2025-11-25,103.4376205178768,101.39,124.44709874126248,95.0,75.0,41.0,63.99,-0.012956964368347923,2.0127930161966923,,98.25813534077488,113.1492476386402,93.20762802656952,94.21553090332806,93.15435717354487
2025-11-26,132.83787291359667,112.39,157.45621881852466,102.33,62.0,34.0,64.81,0.012814502265979133,2.0342292890415457,,126.18621377576092,143.1616556395779,77.0516391686308,78.1299524564184,94.34808389463107
2025-11-27,76.34000775620545,105.4,74.62069503063266,99.7,57.0,35.0,64.18,-0.00972072211078534,1.8002164076152558,,72.51739528103955,67.84630245613751,70.83779730019283,80.42789223454834,93.43095238940631
2025-11-28,129.65573741821984,114.09,136.75689516691318,109.56,57.0,30.0,64.07,-0.001713929573075923,1.6728747597459994,,123.16341898782994,124.34150698606828,70.83779730019283,68.93819334389858,93.27081831706546
2025-11-29,91.16084751475287,108.86,41.58934868508788,88.85,54.0,29.0,,,,,86.59610350700467,37.813685984617315,67.10949217913006,66.64025356576863,
2025-11-30,134.93191824382944,112.99,132.22673716554797,107.74,65.0,39.0,,,,,128.17540289706488,120.22261651193716,80.77994428969359,89.61965134706816,
2025-12-01,68.6231835504839,105.28,148.39901449335372,116.5,74.0,40.0,64.22,0.0023411893241767068,1.6682685382754092,,65.1869795830517,134.92670387719716,91.96485965288193,91.9175911251981,93.4891829611666
2025-12-02,171.9597107639727,115.07,74.58335489991785,109.38,68.0,34.0,63.37,-0.01323575210214889,1.664153942673709,,163.34908371646827,67.81235222555887,84.50824941075636,78.1299524564184,92.25178331126017
2025-12-03,72.28812033245336,106.42,133.34827466308934,105.93,59.0,31.0,63.75,0.005996528325706185,1.006125615879762,,68.66840010041464,121.24233593753156,73.32333404756803,71.23613312202853,92.80497374298305
2025-12-04,90.35326611511071,108.42,86.81624843731065,107.67,52.0,35.0,64.15,0.006274509803921635,0.9278561799716863,,85.8289605461801,78.93469026477136,64.62395543175487,80.42789223454834,93.38727946058609
2025-12-05,145.75795731625195,110.73,64.17923871681967,97.31,55.0,36.0,64.42,0.004208885424785702,0.7812928307317397,,138.4593441464555,58.35276714587686,68.35226055281765,82.7258320126783,93.78033581996812
2025-12-06,72.21472309836129,108.02,106.3762535767546,106.56,80.0,46.0,,,,,68.59867812377838,96.71895271622053,99.42146989500749,105.70522979397782,
2025-12-07,94.02429285517584,102.17,52.27129322171889,95.14,57.0,34.0,,,,,89.31616607603452,47.525876946580915,70.83779730019283,78.1299524564184,
2025-12-08,85.82477327517638,104.63,69.64690071434617,83.89,76.0,39.0,63.3,-0.01738590499844772,0.9598823872477011,,81.52722525752759,63.32405090917909,94.45039640025712,89.61965134706816,92.14987981067964
2025-12-09,105.63487739879167,95.16,120.80821409803062,90.49,97.0,55.0,62.62,-0.010742496050552885,1.0155305479208239,,100.34536784769502,109.8407168348685,120.54853224769658,126.38668779714739,91.15996009075448
2025-12-10,140.28816877935765,104.87,84.86478208209591,83.57,59.0,35.0,63.12,0.007984669434685454,1.0869331707848313,,133.26344714444846,77.16038654762531,73.32333404756803,80.42789223454834,91.88784223775828
2025-12-11,103.87339673673944,106.8,80.44753352360642,82.66,63.0,36.0,61.87,-0.01980354879594426,1.216535458240574,,98.67209071288144,73.14415510405341,78.2944075423184,82.7258320126783,90.0681368702488
2025-12-12,98.02322412157436,99.98,183.7627854324775,99.74,51.0,29.0,62.11,0.003879101341522473,1.1917958627248557,,93.11485680021194,167.079997251648,63.381187058067276,66.64025356576863,90.41752030081062
2025-12-13,100.30605815277264,104.0,92.52928843667736,97.76,53.0,32.0,,,,,95.28338130875127,84.12907554330474,65.86672380544246,73.53407290015848,
2025-12-14,124.6472499680326,108.37,105.34673282990327,105.34,58.0,42.0,,,,,118.40572410593714,95.78289635883776,72.08056567388043,96.51347068145802,
2025-12-15,72.96490002343215,106.53,115.57437244283736,111.9,56.0,23.0,61.55,-0.009016261471582743,1.1172691655659903,,69.31129105381383,105.08202618209447,69.59502892650525,52.85261489698891,89.60229229616637
2025-12-16,80.51888404529144,102.95,146.9205231271933,115.64,64.0,38.0,59.93,-0.026320064987814695,1.247878672211689,,76.4870205482256,133.5824364140473,79.53717591600599,87.3217115689382,87.2439541398741
2025-12-17,134.0899682980648,102.06,93.9522141321312,116.93,46.0,32.0,60.61,0.011346570999499317,1.4312225152003537,,127.37561234400587,85.42282182999827,57.16734518962931,73.53407290015848,88.23387385979925
2025-12-18,83.38280599113058,99.13,74.60958189649135,116.1,68.0,41.0,60.69,0.0013199142055766444,1.4385517772588226,,79.20753585736348,67.83619822084624,84.50824941075636,94.21553090332806,88.35033500331986
2025-12-19,60.786413648356486,93.81,109.22166044229664,105.45,40.0,23.0,61.35,0.010874938210578389,1.483381180531452,,57.74262429121021,99.30604112019593,49.710734947503745,52.85261489698891,89.31113943736486
2025-12-20,44.14255817291194,85.79,112.74541301582448,108.34,57.0,25.0,,,,,41.932185152039494,102.50989204635015,70.83779730019283,57.44849445324881,
2025-12-21,132.95008701102893,86.98,75.63599096578312,104.09,64.0,36.0,,,,,126.2928089189732,68.76942539234746,79.53717591600599,82.7258320126783,
2025-12-22,103.9104130907296,91.4,109.10386122039873,103.17,47.0,27.0,62.22,0.01418092909535451,1.4337181813480406,,98.70725352793826,99.19893622610854,58.4101135633169,62.04437400950872,90.57765437315145
2025-12-23,67.22053381065953,89.5,93.2485304783032,95.5,33.0,13.0,63.7,0.023786563805850314,1.679201947179396,,63.85456544512645,84.78302165135538,41.01135633169059,29.873217115689386,92.73218552828267
2025-12-24,168.3054181696313,94.39,147.5335236064282,103.16,73.0,34.0,63.7,0.0,1.5976559435808118,,159.87777439485126,134.13978603271346,90.72209127919433,78.1299524564184,92.73218552828267
2025-12-25,155.3033576353927,104.66,65.11674271298092,101.8,62.0,26.0,,,,,147.5267727255759,59.205160435047944,77.0516391686308,59.74643423137877,
2025-12-26,102.39713793819358,110.6,114.77155963246884,102.59,62.0,37.0,,,,,97.26975338049415,104.3520962246535,77.0516391686308,85.02377179080824,
2025-12-27,70.96644055722263,114.44,118.24508083967795,103.38,76.0,45.0,,,,,67.41290147639764,107.51027600729121,94.45039640025712,103.40729001584786,
2025-12-28,100.84981197647924,109.85,101.19442138934272,107.03,48.0,23.0,,,,,95.79990746755433,92.00754988460963,59.652881937004494,52.85261489698891,
2025-12-29,176.203034696558,120.18,53.57152991625264,99.1,61.0,34.0,63.1,-0.009419152276295195,1.0929702823033698,,167.37992950715096,48.708072475658895,75.80887079494322,78.1299524564184,91.85872695187813
2025-12-30,123.75589192745709,128.25,126.76574304850622,103.89,80.0,42.0,62.3,-0.01267828843106189,1.3062959151454234,,117.55899949501264,115.25739528980966,99.42146989500749,96.51347068145802,90.69411551667206
2025-12-31,89.4950056728812,117.0,57.966107681093845,91.09,85.0,52.0,61.35,-0.015248796147672494,1.4990377498319714,,85.01367622053529,52.7036912792366,105.63531176344546,119.49286846275754,89.31113943736486
2026-01-01,57.43201177310844,103.01,206.5051476646281,111.29,78.0,39.0,,,,P0,54.55618910645548,187.75770852110367,96.9359331476323,89.61965134706816,
2026-01-02,152.41571133105916,110.16,100.81257410024716,109.29,58.0,27.0,61.98,0.010268948655256738,1.4929799729561484,P0,144.78372101994955,91.66036836000178,72.08056567388043,62.04437400950872,90.22827094258963
2026-01-03,93.95221952501764,113.44,73.91078802168552,102.96,52.0,28.0,,,,P0,89.24770171080948,67.20084390573152,64.62395543175487,64.34231378763867,
2026-01-04,80.66303070560788,110.56,148.92444347555505,109.78,61.0,28.0,,,,P0,76.62394927867572,135.40443212176817,75.80887079494322,64.34231378763867,
2026-01-05,97.62896553007693,99.33,113.181047874164,118.3,66.0,34.0,63.0,0.01645692158760892,1.5271451014222042,P0,92.74034012196022,102.90597806976771,82.02271266338118,78.1299524564184,91.71315052247736
2026-01-06,80.80145810093016,93.2,125.4908442998147,118.11,70.0,38.0,62.1,-0.014285714285714235,1.273925883968174,P0,76.75544512782953,114.09823741719579,86.99378615813156,87.3217115689382,90.40296265787055
2026-01-07,105.09281817212042,95.43,60.75372624910105,118.51,88.0,53.0,61.08,-0.01642512077294689,1.3466592565735256,P0,99.83045143149832,55.23823765969743,109.36361688450825,121.79080824088749,88.91808307798281
2026-01-08,96.55903932690512,101.02,164.40726196123373,112.5,75.0,45.0,63.34,0.037000654878847516,2.0851706218139943,P0,91.72398888389466,149.48165272955814,93.20762802656952,103.40729001584786,92.20811038243994
2026-01-09,116.9524025676128,95.95,97.91337966546116,112.08,89.0,50.0,65.11,0.027944426902431152,2.2113756992260187,P0,111.09618475737501,89.02437545721664,110.60638525819583,114.89698890649763,94.78481318283335
2026-01-10,129.95748160282056,101.09,62.37268763080768,110.43,83.0,40.0,,,,P0,123.45005378066787,56.710222656928885,103.14977501607028,91.9175911251981,
2026-01-11,97.13721465289156,103.45,133.87548174675328,108.28,83.0,39.0,,,,P0,92.27321293938863,121.72168085974917,103.14977501607028,89.61965134706816,
2026-01-12,108.3991358564914,104.99,103.09654542897002,106.84,67.0,39.0,65.4,0.004454000921517487,2.0035962217317524,P0,102.9712101697987,93.7369907970625,83.26548103706878,89.61965134706816,95.20698482809556
2026-01-13,113.58910405792936,109.67,136.4652865270451,108.41,72.0,34.0,67.58,0.033333333333333215,2.201225355615662,P0,107.9012984239371,124.07637185202549,89.47932290550675,78.1299524564184,98.38055098903206
2026-01-14,95.11079433559932,108.24,151.47246287147553,121.37,73.0,40.0,68.87,0.019088487718259994,2.2110562194337757,P0,90.34826260896813,137.7211311893493,90.72209127919433,91.9175911251981,100.25848692830183
2026-01-15,73.27405807006238,104.92,28.324711774015483,101.93,78.0,42.0,66.16,-0.039349499056192894,2.8402663961130554,P0,69.60496847055441,25.75327074096378,96.9359331476323,96.51347068145802,96.3133656915413
2026-01-16,133.487327227381,107.28,167.39047169012807,111.86,67.0,39.0,66.97,0.012243047158403852,2.6019183835151627,P0,126.80314762963317,152.19403365114522,83.26548103706878,89.61965134706816,97.49253476968744
2026-01-17,86.97302163507413,101.14,101.80697734321194,117.49,48.0,27.0,,,,P0,82.61797678667898,92.56449533386414,59.652881937004494,62.04437400950872,
2026-01-18,80.43521331667277,98.75,110.31474831643628,114.12,62.0,25.0,,,,P0,76.40753950703854,100.29989370344471,77.0516391686308,57.44849445324881,
2026-01-19,139.3262201810298,103.17,116.50609760924516,116.04,68.0,33.0,66.91,-0.0008959235478572802,2.4200919465498205,P0,132.3496666930794,105.92916526891412,84.50824941075636,75.83201267828844,97.405188912047
2026-01-20,134.72957276658138,106.19,141.9871806191812,116.83,71.0,37.0,67.68,0.011507995815274397,2.2707854624840476,P0,127.98318956897893,129.09696428354908,88.23655453181915,85.02377179080824,98.52612741843284
2026-01-21,87.29520689641333,105.07,131.85466943449674,114.03,69.0,34.0,66.72,-0.014184397163120699,2.3946653853442768,P0,82.92402909970565,119.8843267143856,85.75101778444396,78.1299524564184,97.12859369618555
2026-01-22,95.43901659887683,108.24,83.68901248994489,121.94,73.0,41.0,65.46,-0.01888489208633104,2.090072524681853,P0,90.66004963002982,76.09135845380949,90.72209127919433,94.21553090332806,95.29433068573599
2026-01-23,72.67777173826101,99.55,63.300856594290224,107.07,68.0,35.0,68.16,0.04124656278643446,2.6079190631039046,P0,69.03854029095542,57.55412838845531,84.50824941075636,80.42789223454834,99.22489427955647
2026-01-24,165.899619941058,110.83,133.13890321586695,111.54,56.0,24.0,,,,P0,157.5924429384408,121.0519721446441,69.59502892650525,55.15055467511886,
2026-01-25,66.75669082839948,108.87,90.72184829993404,108.74,78.0,48.0,,,,P0,63.413948711102684,82.48572271553344,96.9359331476323,110.30110935023772,
2026-01-26,113.61605874202232,105.2,161.81345645265105,115.22,57.0,28.0,67.7,-0.006748826291079757,2.0426898368706023,P0,107.92690339226887,147.12332421257693,70.83779730019283,64.34231378763867,98.55524270431297
2026-01-27,65.8877861985419,95.37,68.71828722549797,104.75,72.0,35.0,70.28,0.03810930576070892,2.425878286739681,P0,62.588553189711924,62.479741008241014,89.47932290550675,80.42789223454834,102.31111458285253
2026-01-28,177.77556778917267,108.29,91.65046178878224,99.0,78.0,46.0,70.9,0.008821855435401371,2.399729699880913,P0,168.8737203413598,83.3300326164715,96.9359331476323,105.70522979397782,103.21368844513724
2026-01-29,89.2792622878227,107.41,145.87277684035024,107.89,88.0,51.0,71.0,0.0014104372355430161,2.4093326090235947,P0,84.80873586496814,132.62980911078688,109.36361688450825,117.19492868462758,103.35926487453798
2026-01-30,163.855406354895,120.44,117.81077955743542,115.68,84.0,48.0,72.25,0.01760563380281699,2.234302441664443,P0,155.65059031065397,107.11540249210859,104.39254338975786,110.30110935023772,105.17897024204746
2026-01-31,142.92496176630726,117.16,109.75864708400492,112.34,90.0,49.0,,,,P0,135.76820663988295,99.79427776946983,111.84915363188342,112.59904912836768,
2026-02-01,66.80080330747504,117.16,75.30570861910326,110.13,68.0,28.0,,,,P0,63.45585232332347,68.46912751949107,84.50824941075636,64.34231378763867,
2026-02-02,101.70420661922196,115.46,108.9033802804894,102.57,77.0,48.0,67.72,-0.06269896193771629,3.492024276817333,P0,96.61151956787849,99.01665582145411,95.69316477394472,110.30110935023772,98.58435799019313
2026-02-03,147.80243568320174,127.16,134.4422515879603,111.96,83.0,45.0,70.01,0.03381571175428233,3.3741699934515217,P0,140.4014482965246,122.23699685960368,103.14977501607028,103.40729001584786,101.9180582234705
2026-02-04,55.84136767467886,109.74,85.58535769981872,111.1,51.0,21.0,71.15,0.01628338808741603,3.360391788202725,P0,53.04519414814157,77.81554516391091,63.381187058067276,48.25673534072901,103.57762951863913
2026-02-05,74.17886697460571,107.59,127.90417250994244,108.53,76.0,36.0,69.87,-0.01799016163035838,3.1759900385844824,P0,70.46447041341659,116.29247315304683,94.45039640025712,82.7258320126783,101.71425122230941
2026-02-06,109.81592489032916,99.87,107.48845604161733,107.06,74.0,45.0,70.45,0.008301130671246604,3.1735319658525483,P0,104.31705559759541,97.7301845841703,91.96485965288193,103.40729001584786,102.5585945128338
2026-02-07,80.92749375543168,91.01,102.72403317255316,106.05,71.0,46.0,,,,P0,76.8751697341746,93.3982968300993,88.23655453181915,105.70522979397782,
2026-02-08,87.00092952999947,93.9,95.5507273470178,108.94,71.0,39.0,,,,P0,82.64448723522682,86.87621503429376,88.23655453181915,89.61965134706816,
2026-02-09,129.71224163811613,97.9,103.7188809408836,108.2,62.0,38.0,71.19,0.010503903477643739,3.2009935820241315,P0,123.21709384285944,94.30282797337331,77.0516391686308,87.3217115689382,103.63586009039942
2026-02-10,101.7670126218433,91.32,70.3999266837616,99.05,80.0,49.0,71.01,-0.0025284450063209896,3.1144349012966375,P0,96.67118065322524,64.00871389251519,99.42146989500749,112.59904912836768,103.37382251747808
2026-02-11,103.45525491827554,98.12,139.5320670246821,106.76,92.0,54.0,71.52,0.007182087029995676,1.5960391772314793,P0,98.2748867247719,126.8647366230029,114.33469037925862,124.08874801901744,104.11626230742192
2026-02-12,108.74054420294996,103.06,67.6300891303805,98.15,79.0,35.0,69.8,-0.024049217002237167,1.5294997537226522,P0,103.29552300051583,61.490334288520366,98.1787015213199,80.42789223454834,101.61234772172888
2026-02-13,136.029964166556,106.8,143.8395178178554,103.34,121.0,65.0,69.96,0.002292263610315093,1.3580497670434348,P0,129.21846580150404,130.78113822189707,150.37497321619884,149.36608557844693,101.84527000877009
2026-02-14,122.84043883528572,112.79,130.32416860055497,107.29,123.0,69.0,,,,P0,116.68938635640454,118.49277143007261,152.86050996357403,158.55784469096673,
2026-02-15,154.7082892952105,122.46,67.52962639774303,103.28,87.0,46.0,,,,P0,146.96150154847527,61.39899200148734,108.12084851082065,105.70522979397782,
2026-02-16,83.77388721318681,115.9,84.819885020165,100.58,62.0,39.0,70.81,0.012149799885649015,1.252360354864314,P0,79.57903426822837,77.11956543704859,77.0516391686308,89.61965134706816,103.08266965867654
2026-02-17,93.46253393796904,114.72,197.75955562077968,118.78,84.0,43.0,69.77,-0.014687191074707062,1.3560555883824952,P0,88.78253640203933,179.80607951629005,104.39254338975786,98.81141045958796,101.56867479290865
2026-02-18,122.76508222337156,117.47,101.36334102829068,113.32,98.0,50.0,71.78,0.028808943672065324,1.743020884078506,P0,116.61780311487972,92.16113426103684,121.79130062138418,114.89698890649763,104.49476102386389
2026-02-19,87.09090204134321,114.38,66.94729816873817,113.23,135.0,75.0,73.17,0.019364725550292672,1.8554651483515903,P0,82.72995450673116,60.86953007222507,167.77373044782513,172.34548335974645,106.51827339253443
2026-02-20,125.88827751561384,112.93,136.38349385976505,112.16,111.0,66.0,72.75,-0.005740057400574039,1.8876095567897286,P0,119.5846090427846,124.00200468028181,137.9472894793229,151.66402535657687,105.90685238905124
2026-02-21,69.95238310005885,105.38,68.40045158905639,103.31,108.0,67.0,,,,P0,66.44962143988424,62.190759878910846,134.21898435826012,153.96196513470682,
2026-02-22,93.67006911863773,96.66,155.59988089155954,115.9,152.0,83.0,,,,P0,88.97967956685713,141.473844176525,188.90079280051424,190.72900158478606,
2026-02-23,137.14363215570185,104.28,91.3352933045346,116.83,115.0,73.0,71.9,-0.011683848797250818,1.6381192719047009,P0,130.2763685205952,83.04347650361127,142.91836297407326,167.74960380348654,104.66945273914482
2026-02-24,139.8343345108374,110.91,92.83823356580588,101.84,64.0,32.0,71.21,-0.009596662030598169,1.7225606786999161,P0,132.83233795269325,84.40997328440187,79.53717591600599,73.53407290015848,103.66497537627956
2026-02-25,51.96513582486859,100.79,129.725392933021,105.89,129.0,66.0,70.69,-0.007302345176239289,1.700706821397021,P0,49.36305884955304,117.94835523257929,160.31712020569958,151.66402535657687,102.90797794339564
2026-02-26,174.63018386699923,113.3,119.80714297458104,113.44,107.0,55.0,71.66,0.013721884283491192,1.6327438442561206,P0,165.88583684620338,108.93052731983136,132.97621598457252,126.38668779714739,104.32006930858299
2026-02-27,28.9092958608948,99.44,29.42491205400557,98.16,65.0,35.0,71.32,-0.004744627407200719,1.2217233202219877,P0,27.46170581926115,26.75359003479899,80.77994428969359,80.42789223454834,103.8251094486204
2026-02-28,17.657489283349488,91.97,0.0,88.39,57.0,35.0,,,,P1,16.773316740032538,0.0,70.83779730019283,80.42789223454834,
2026-03-01,15.033246905692652,80.74,68.25020201546582,75.91,24.0,10.0,,,,P1,14.280479400776088,62.05415061777294,29.826440968502247,22.979397781299525,
2026-03-02,14.42880532565885,63.21,26.56661395285961,66.66,6.0,2.0,77.24,0.08300616937745375,3.4011626431560096,P1,13.70630433488419,24.15478071788571,7.456610242125562,4.595879556259905,112.44323406914525
2026-03-03,37.0745528070865,48.53,0.0,53.4,5.0,2.0,83.28,0.07819782496116012,4.209781720657403,P1,35.21809965444655,0.0,6.213841868437968,4.595879556259905,121.23605040495103
2026-03-04,44.63129054912816,47.48,0.0,34.86,2.0,0.0,81.56,-0.02065321805955811,4.334893024059306,P2,42.396444980593586,0.0,2.4855367473751873,0.0,118.73213581925799
2026-03-05,14.907476031977891,24.66,0.0,17.75,4.0,1.0,88.59,0.08619421284943596,4.773430480071534,P2,14.16100631671325,0.0,4.9710734947503745,2.2979397781299524,128.96615880613126
2026-03-06,44.28035009434596,26.86,0.0,13.55,2.0,0.0,95.74,0.08070888362117601,4.704882741117783,P2,42.06307734771592,0.0,2.4855367473751873,0.0,139.37487350828545
2026-03-07,0.0,24.34,0.0,13.55,4.0,0.0,,,,P2,0.0,0.0,4.9710734947503745,0.0,
2026-03-08,29.29979456522013,26.37,0.0,3.8,2.0,0.0,,,,P2,27.832650881105106,0.0,2.4855367473751873,0.0,
2026-03-09,0.0,24.31,0.0,0.0,1.0,0.0,94.35,-0.014518487570503447,5.122385332902936,P2,0.0,0.0,1.2427683736875936,0.0,137.3513611396149
2026-03-10,0.0,19.02,0.0,0.0,2.0,1.0,89.84,-0.0478007419183889,5.956245379837355,P2,0.0,0.0,2.4855367473751873,2.2979397781299524,130.78586417364073
2026-03-11,0.0,12.64,0.0,0.0,3.0,1.0,90.98,0.012689225289403305,5.593991659274372,P2,0.0,0.0,3.728305121062781,2.2979397781299524,132.44543546880936
2026-03-12,0.0,10.51,0.0,0.0,1.0,0.0,102.38,0.12530226423389745,6.543655866911354,P2,0.0,0.0,1.2427683736875936,0.0,149.04114842049574
2026-03-13,0.0,4.19,0.0,0.0,0.0,0.0,103.23,0.008302402813049614,6.242100180469997,P2,0.0,0.0,0.0,0.0,150.2785480704022
2026-03-14,15.19693438807258,6.36,0.0,0.0,0.0,0.0,,,,P2,14.435970475655349,0.0,0.0,0.0,
2026-03-15,0.0,2.17,0.0,0.0,7.0,2.0,,,,P2,0.0,0.0,8.699378615813156,4.595879556259905,
2026-03-16,7.594018876818589,3.26,0.0,0.0,5.0,0.0,101.04,-0.02121476315024695,6.116892045526111,P2,7.2137596634860826,0.0,6.213841868437968,0.0,147.0904242665256
2026-03-17,0.0,3.26,0.0,0.0,4.0,1.0,108.39,0.07274346793349173,5.992350155360867,P2,0.0,0.0,4.9710734947503745,2.2979397781299524,157.7902918274813
2026-03-18,1.8825384377625416,3.52,0.0,0.0,1.0,0.0,118.09,0.08949165052126573,6.294270260140521,P2,1.788273122252596,0.0,1.2427683736875936,0.0,171.91120547935478
2026-03-19,0.0,3.52,0.0,0.0,2.0,0.0,111.05,-0.059615547463798824,6.561044113584014,P2,0.0,0.0,2.4855367473751873,0.0,161.66262484954146
2026-03-20,0.0,3.52,0.0,0.0,5.0,2.0,118.42,0.06636650157586677,6.604064224760567,P2,0.0,0.0,6.213841868437968,4.595879556259905,172.3916076963773
2026-03-21,0.0,1.35,0.0,0.0,2.0,0.0,,,,P2,0.0,0.0,2.4855367473751873,0.0,
2026-03-22,0.0,1.35,0.0,0.0,4.0,0.0,,,,P2,0.0,0.0,4.9710734947503745,0.0,
2026-03-23,0.0,0.27,0.0,0.0,6.0,2.0,103.79,-0.1235433203850701,7.841095432773687,P2,0.0,0.0,7.456610242125562,4.595879556259905,151.09377607504643
2026-03-24,0.0,0.27,0.0,0.0,4.0,1.0,108.42,0.0446093072550342,7.988008001630542,P2,0.0,0.0,4.9710734947503745,2.2979397781299524,157.83396475630153
2026-03-25,0.0,0.0,0.0,0.0,4.0,1.0,109.14,0.006640841173215284,7.8761550960373805,P2,0.0,0.0,4.9710734947503745,2.2979397781299524,158.88211504798699
2026-03-26,0.0,0.0,0.0,0.0,7.0,0.0,113.39,0.0389408099688473,7.551565534525276,P2,0.0,0.0,8.699378615813156,0.0,165.06911329751918
2026-03-27,0.0,0.0,0.0,0.0,5.0,0.0,121.47,0.07125848840285731,7.253141205666985,P2,0.0,0.0,6.213841868437968,0.0,176.8316887931004
2026-03-28,5.43060098045264,0.78,27.140940725282714,3.88,9.0,1.0,,,,P2,5.158671704235885,24.676967597738265,11.184915363188344,2.2979397781299524,
2026-03-29,5.123508223959209,1.51,0.0,3.88,7.0,2.0,,,,P2,4.8669561612967644,0.0,8.699378615813156,4.595879556259905,
2026-03-30,0.0,1.51,0.0,3.88,10.0,5.0,121.88,0.0033753190088088303,6.66479146546623,P2,0.0,0.0,12.427683736875936,11.489698890649763,177.4285521536435
2026-03-31,0.0,1.51,0.0,3.88,11.0,5.0,126.69,0.039465047587791346,6.3938325319462646,P2,0.0,0.0,13.67045211056353,11.489698890649763,184.43077840781996
2026-04-01,0.0,1.51,0.0,3.88,11.0,3.0,119.56,-0.056279106480385144,4.1301482778835625,P2,0.0,0.0,13.67045211056353,6.893819334389858,174.05117899154592
2026-04-02,5.082784938954303,2.23,0.0,3.88,6.0,1.0,127.61,0.06733021077283374,4.424110877359266,P2,4.828272034288627,0.0,7.456610242125562,2.2979397781299524,185.7700815583069
2026-04-03,0.0,2.23,0.0,3.88,9.0,5.0,,,,P2,0.0,0.0,11.184915363188344,11.489698890649763,
2026-04-04,0.0,1.46,0.0,0.0,13.0,4.0,,,,P2,0.0,0.0,16.155988857938716,9.19175911251981,
2026-04-05,0.0,0.73,0.0,0.0,11.0,5.0,,,,P2,0.0,0.0,13.67045211056353,11.489698890649763,
2026-04-06,0.0,0.73,0.0,0.0,9.0,1.0,,,,P2,0.0,0.0,11.184915363188344,2.2979397781299524,
2026-04-07,15.446040152263835,2.93,0.0,0.0,7.0,3.0,138.21,0.08306559047096629,4.8368411848384145,P2,14.672602638784443,0.0,8.699378615813156,6.893819334389858,201.20118307478725
2026-04-08,0.0,2.93,0.0,0.0,6.0,1.0,122.11,-0.1164894001881196,7.484992484727554,P3,0.0,0.0,7.456610242125562,2.2979397781299524,177.76337794126525
2026-04-09,0.0,2.21,0.0,0.0,8.0,5.0,119.03,-0.025223159446400745,7.11480002493055,P3,0.0,0.0,9.942146989500749,11.489698890649763,173.2796239157219
2026-04-10,0.0,2.21,0.0,0.0,5.0,1.0,119.07,0.0003360497353608327,7.112840348836666,P3,0.0,0.0,6.213841868437968,2.2979397781299524,173.33785448748222
2026-04-11,15.327206535162397,4.4,0.0,0.0,9.0,4.0,,,,P3,14.559719438516229,0.0,11.184915363188344,9.19175911251981,
2026-04-12,4.007774944676557,4.97,0.0,0.0,15.0,4.0,,,,P3,3.807091568404138,0.0,18.641525605313905,9.19175911251981,
2026-04-13,0.0,4.97,0.0,0.0,9.0,4.0,123.28,0.03535735281767027,7.075378966626905,P3,0.0,0.0,11.184915363188344,9.19175911251981,179.4666221652541
2026-04-14,0.0,2.76,0.0,0.0,9.0,5.0,118.69,-0.03723231667748217,6.863969555315262,P3,0.0,0.0,11.184915363188344,11.489698890649763,172.78466405575932
2026-04-15,0.0,2.76,0.0,0.0,13.0,7.0,114.93,-0.03167916420928463,6.263698653198929,P3,0.0,0.0,16.155988857938716,16.08557844690967,167.31099031029083
2026-04-16,3.142683158148416,3.21,0.0,0.0,11.0,5.0,116.63,0.014791612285738998,4.899208953570837,P3,2.9853179678775863,0.0,13.67045211056353,11.489698890649763,169.78578961010373
2026-04-17,0.0,3.21,0.0,0.0,18.0,10.0,98.63,-0.15433421932607394,6.152839920862705,P3,0.0,0.0,22.369830726376687,22.979397781299525,143.58203231796733
2026-04-18,0.0,1.02,0.0,0.0,22.0,14.0,,,,P3,0.0,0.0,27.34090422112706,32.17115689381934,
2026-04-19,0.0,0.45,0.0,0.0,7.0,5.0,,,,P3,0.0,0.0,8.699378615813156,11.489698890649763,
2026-04-20,28.505081511814893,4.52,0.0,0.0,8.0,5.0,103.4,0.04836256717023235,6.807612442428603,P3,27.077731903197293,0.0,9.942146989500749,11.489698890649763,150.5260280003835
2026-04-21,0.0,4.52,0.0,0.0,4.0,3.0,106.14,0.02649903288201161,6.992894639616258,P3,0.0,0.0,4.9710734947503745,6.893819334389858,154.51482216596423
2026-04-22,0.0,4.52,0.0,0.0,7.0,4.0,113.44,0.06877708686640283,7.483196085706445,P3,0.0,0.0,8.699378615813156,9.19175911251981,165.14190151221956
2026-04-23,3.5773472977066305,4.58,0.0,0.0,3.0,2.0,113.25,-0.0016748942172073455,7.381661080926327,P3,3.398216946398764,0.0,3.728305121062781,4.595879556259905,164.8653062963581
2026-04-24,0.0,4.58,0.0,0.0,8.0,3.0,111.86,-0.012273730684326689,7.297128383693809,P3,0.0,0.0,9.942146989500749,6.893819334389858,162.84179392768758
2026-04-25,0.0,4.58,0.0,0.0,6.0,2.0,,,,P3,0.0,0.0,7.456610242125562,4.595879556259905,
2026-04-26,0.0,4.58,0.0,0.0,3.0,2.0,,,,P3,0.0,0.0,3.728305121062781,4.595879556259905,
2026-04-27,0.0,0.51,0.0,0.0,0.0,0.0,113.89,0.01814768460575711,7.310635472438527,P3,0.0,0.0,0.0,0.0,165.79699544452296
2026-04-28,0.0,0.51,0.0,0.0,5.0,2.0,117.62,0.032750899991219606,2.7892471455693086,P3,0.0,0.0,6.213841868437968,4.595879556259905,171.22699626117122
2026-04-29,13.959084209932564,2.51,0.0,0.0,5.0,3.0,124.16,0.05560278864138746,2.898163601384123,P3,13.260103806194762,0.0,6.213841868437968,6.893819334389858,180.7476947439808
2026-04-30,0.0,1.99,0.0,0.0,7.0,4.0,124.24,0.0006443298969072142,3.0631779304562685,P3,0.0,0.0,8.699378615813156,9.19175911251981,180.8641558875014
2026-05-01,0.0,1.99,0.0,0.0,10.0,4.0,118.26,-0.04813264649066318,3.335199107192372,P3,0.0,0.0,12.427683736875936,9.19175911251981,172.15868540933607
2026-05-02,0.0,1.99,41.61335305483311,5.94,10.0,5.0,,,,P3,0.0,37.83551113284644,12.427683736875936,11.489698890649763,
2026-05-03,0.0,1.99,0.0,5.94,6.0,1.0,,,,P3,0.0,0.0,7.456610242125562,2.2979397781299524,
2026-05-04,0.0,1.99,0.0,5.94,4.0,0.0,,,,P3,0.0,0.0,4.9710734947503745,0.0,
2026-05-05,0.0,1.99,0.0,5.94,1.0,0.0,114.51,-0.03170979198376456,3.6365465869246836,P3,0.0,0.0,1.2427683736875936,0.0,166.69956930680766
2026-05-06,0.0,0.0,0.0,5.94,2.0,0.0,103.7,-0.0944022356126103,5.177661654744902,P3,0.0,0.0,2.4855367473751873,0.0,150.96275728858575
2026-05-07,0.0,0.0,0.0,5.94,4.0,1.0,101.82,-0.018129218900675093,5.033349926309248,P3,0.0,0.0,4.9710734947503745,2.2979397781299524,148.2259204158515
2026-05-08,0.0,0.0,0.0,5.94,4.0,1.0,103.48,0.016303280298566314,4.807892776123294,P3,0.0,0.0,4.9710734947503745,2.2979397781299524,150.64248914390407
2026-05-09,0.0,0.0,0.0,0.0,5.0,2.0,,,,P3,0.0,0.0,6.213841868437968,4.595879556259905,
2026-05-10,0.0,0.0,0.0,0.0,9.0,3.0,,,,P3,0.0,0.0,11.184915363188344,6.893819334389858,
2026-05-11,0.0,0.0,0.0,0.0,9.0,4.0,106.11,0.025415539234634688,4.135240583004265,P3,0.0,0.0,11.184915363188344,9.19175911251981,154.471149237144
2026-05-12,0.0,0.0,0.0,0.0,6.0,1.0,111.37,0.04957119969842627,4.91122126340264,P3,0.0,0.0,7.456610242125562,2.2979397781299524,162.12846942362387
2026-05-13,0.0,0.0,0.0,0.0,8.0,2.0,110.28,-0.009787195833707463,4.681256919665017,P3,0.0,0.0,9.942146989500749,4.595879556259905,160.54168634315562
2026-05-14,0.0,0.0,0.0,0.0,9.0,4.0,110.91,0.0057127312295972565,4.591000107360776,P3,0.0,0.0,11.184915363188344,9.19175911251981,161.4588178483804
2026-05-15,4.677723291356743,0.67,0.0,0.0,5.0,2.0,113.96,0.027499774592011583,2.3272603461332086,P3,4.44349324692161,0.0,6.213841868437968,4.595879556259905,165.8988989451035
2026-05-16,0.0,0.67,0.0,0.0,10.0,2.0,,,,P3,0.0,0.0,12.427683736875936,4.595879556259905,
2026-05-17,0.0,0.67,0.0,0.0,5.0,2.0,,,,P3,0.0,0.0,6.213841868437968,4.595879556259905,
2026-05-18,0.0,0.67,0.0,0.0,6.0,1.0,116.73,0.024306774306774415,1.8634694569209058,P3,0.0,0.0,7.456610242125562,2.2979397781299524,169.9313660395045
2026-05-19,0.0,0.67,0.0,0.0,7.0,3.0,114.64,-0.01790456609269253,2.3557998283016013,P3,0.0,0.0,8.699378615813156,6.893819334389858,166.88881866502865
2026-05-20,0.0,0.67,0.0,0.0,13.0,5.0,108.93,-0.049808094905791966,3.3189151341669443,P3,0.0,0.0,16.155988857938716,11.489698890649763,158.57640454624539
2026-05-21,0.0,0.67,0.0,0.0,8.0,2.0,105.84,-0.02836684109060872,2.812962309263763,P3,0.0,0.0,9.942146989500749,4.595879556259905,154.07809287776197
2026-05-22,0.0,0.0,0.0,0.0,6.0,0.0,106.9,0.010015117157974318,2.8779879954833714,P3,0.0,0.0,7.456610242125562,0.0,155.62120302941
2026-05-23,0.0,0.0,0.0,0.0,8.0,1.0,,,,P3,0.0,0.0,9.942146989500749,2.2979397781299524,
2026-05-24,0.0,0.0,0.0,0.0,9.0,2.0,,,,P3,0.0,0.0,11.184915363188344,4.595879556259905,
2026-05-25,0.0,0.0,0.0,0.0,7.0,0.0,,,,P3,0.0,0.0,8.699378615813156,0.0,
2026-05-26,0.0,0.0,0.0,0.0,7.0,2.0,102.75,-0.03882132834424701,3.10848696104737,P3,0.0,0.0,8.699378615813156,4.595879556259905,149.57978120927856
2026-05-27,0.0,0.0,0.0,0.0,6.0,2.0,97.11,-0.05489051094890507,2.990072125307807,P3,0.0,0.0,7.456610242125562,4.595879556259905,141.36927059107583
2026-05-28,0.0,0.0,0.0,0.0,4.0,0.0,95.47,-0.01688806508083618,2.2309965179832507,P3,0.0,0.0,4.9710734947503745,0.0,138.9818171489034
2026-05-29,0.0,0.0,0.0,0.0,4.0,0.0,92.88,-0.02712894102859542,2.1875945286328085,P3,0.0,0.0,4.9710734947503745,0.0,135.21138762742376
2026-05-30,0.0,0.0,0.0,0.0,5.0,1.0,,,,P3,0.0,0.0,6.213841868437968,2.2979397781299524,
2026-05-31,0.0,0.0,0.0,0.0,3.0,0.0,,,,P3,0.0,0.0,3.728305121062781,0.0,
2026-06-01,0.0,0.0,0.0,0.0,3.0,2.0,98.29,0.05824720068906131,3.757576403025849,P3,0.0,0.0,3.728305121062781,4.595879556259905,143.08707245800477
2026-06-02,0.0,0.0,0.0,0.0,6.0,4.0,98.49,0.0020347949944041765,3.7391737777261085,P3,0.0,0.0,7.456610242125562,9.19175911251981,143.37822531680627
2026-06-03,0.0,0.0,0.0,0.0,11.0,4.0,101.69,0.032490608183571856,4.0218244056792765,P3,0.0,0.0,13.67045211056353,9.19175911251981,148.0366710576305
2026-06-04,0.0,0.0,0.0,0.0,6.0,2.0,98.98,-0.026649621398367573,3.882294546095074,P3,0.0,0.0,7.456610242125562,4.595879556259905,144.09154982087
2026-06-05,7.192558247921073,1.03,0.0,0.0,3.0,0.0,97.29,-0.017074156395231355,3.2842590969159486,P3,6.832401579157498,0.0,3.728305121062781,0.0,141.63130816399718
2026-06-06,0.0,1.03,0.0,0.0,3.0,0.0,,,,P3,0.0,0.0,3.728305121062781,0.0,
2026-06-07,0.0,1.03,0.0,0.0,3.0,1.0,,,,P3,0.0,0.0,3.728305121062781,2.2979397781299524,
2026-06-08,0.0,1.03,0.0,0.0,8.0,2.0,97.46,0.0017473532737175557,3.1919843573349636,P3,0.0,0.0,9.942146989500749,4.595879556259905,141.87878809397847
2026-06-09,0.0,1.03,0.0,0.0,6.0,2.0,94.15,-0.033962651344141115,3.3091487754878193,P3,0.0,0.0,7.456610242125562,4.595879556259905,137.06020828081338
2026-06-10,0.0,1.03,0.0,0.0,6.0,1.0,95.73,0.01678173127987259,2.3850138035424764,P3,0.0,0.0,7.456610242125562,2.2979397781299524,139.36031586534537
2026-06-11,0.0,1.03,0.0,0.0,7.0,2.0,92.84,-0.03018907343570454,2.564206426758655,P3,0.0,0.0,8.699378615813156,4.595879556259905,135.15315705566346
2026-06-12,0.0,0.0,0.0,0.0,7.0,1.0,88.64,-0.04523912106850503,2.1641854445203714,P3,0.0,0.0,8.699378615813156,2.2979397781299524,129.03894702083164
2026-06-13,0.0,0.0,33.473649084369086,4.78,4.0,0.0,,,,P3,0.0,30.434765036112534,4.9710734947503745,0.0,
2026-06-14,0.0,0.0,0.0,4.78,6.0,0.0,,,,P3,0.0,0.0,7.456610242125562,0.0,
2026-06-15,0.0,0.0,0.0,4.78,11.0,1.0,84.36,-0.0482851985559567,2.4264696579357095,P3,0.0,0.0,13.67045211056353,2.2979397781299524,122.8082758424792
2026-06-16,0.0,0.0,0.0,4.78,12.0,2.0,80.5,-0.04575628259838782,2.5615830838494653,P3,0.0,0.0,14.913220484251124,4.595879556259905,117.18902566760997
2026-06-17,7.632200266270522,1.09,0.0,4.78,15.0,1.0,80.33,-0.0021118012422360888,2.494135261363888,P3,7.250029176584739,0.0,18.641525605313905,2.2979397781299524,116.94154573762867
2026-06-18,0.0,1.09,0.0,4.78,22.0,11.0,79.35,-0.012199676335117648,2.5277984698321725,P3,0.0,0.0,27.34090422112706,25.27733755942948,115.51489672950123
2026-06-19,14.140670873498005,3.11,0.0,4.78,13.0,5.0,80.46,0.013988657844990593,2.4540889680294637,P3,13.43259778735328,0.0,16.155988857938716,11.489698890649763,117.13079509584965
2026-06-20,14.492829319899334,5.18,0.0,0.0,26.0,12.0,,,,P3,13.767122422729232,0.0,32.31197771587743,27.57527733755943,
2026-06-21,0.0,5.18,0.0,0.0,8.0,1.0,,,,P3,0.0,0.0,9.942146989500749,2.2979397781299524,
2026-06-22,28.87821059652825,9.31,0.0,0.0,14.0,9.0,76.49,-0.04934128759632117,2.63160221680512,P3,27.432177103326467,0.0,17.398757231626313,20.681458003169574,111.35141084863956
2026-06-23,0.0,9.31,0.0,0.0,15.0,5.0,75.69,-0.01045888351418478,2.5569455821347837,P3,0.0,0.0,18.641525605313905,11.489698890649763,110.18679941343352
2026-06-24,0.0,8.22,0.0,0.0,52.0,21.0,72.09,-0.04756242568370983,2.5446897995596687,P3,0.0,0.0,64.62395543175487,48.25673534072901,104.94604795500624
2026-06-25,0.0,8.22,0.0,0.0,51.0,23.0,73.74,0.022888056595921746,2.7844045649225415,P3,0.0,0.0,63.381187058067276,52.85261489698891,107.34805904011873
2026-06-26,8.1845329874684,7.37,0.0,0.0,38.0,19.0,70.16,-0.04854895579061569,3.0471728180415067,P3,7.774704657332287,0.0,47.22519820012856,43.6608557844691,102.13642286757161
2026-06-27,0.0,5.29,0.0,0.0,28.0,9.0,,,,P3,0.0,0.0,34.797514463252625,20.681458003169574,
2026-06-28,9.916517069874702,6.71,26.016291550181737,3.72,21.0,11.0,,,,P3,9.419962209904607,23.65441898626228,26.098135847439465,25.27733755942948,
2026-06-29,42.88585560275405,8.71,0.0,3.72,32.0,13.0,71.59,0.020381984036488054,3.3930729691158277,P3,40.73841009608359,0.0,39.768587958002996,29.873217115689386,104.21816580800245
2026-06-30,28.53982075103885,12.79,0.0,3.72,22.0,6.0,,,,P3,27.11073162662687,0.0,27.34090422112706,13.787638668779715,
2026-07-01,0.0,12.79,0.0,3.72,42.0,23.0,,,,P3,0.0,0.0,52.19627169487893,52.85261489698891,
2026-07-02,0.0,12.79,0.0,3.72,36.0,18.0,,,,P3,0.0,0.0,44.739661452753374,41.36291600633915,
2026-07-03,31.562505256624046,16.13,0.0,3.72,34.0,21.0,,,,P3,29.98205969619439,0.0,42.25412470537818,48.25673534072901,
2026-07-04,15.109186035337691,18.29,0.0,3.72,25.0,11.0,,,,P3,14.352615991321821,0.0,31.06920934218984,25.27733755942948,
2026-07-05,0.0,16.87,25.693121609352325,3.67,34.0,17.0,,,,P3,0.0,23.360587823992304,42.25412470537818,39.0649762282092,
2026-07-06,5.000014465010652,11.46,0.0,3.67,,,,,,P3,4.749646168861167,0.0,,,
2026-07-07,0.0,7.38,0.0,3.67,,,,,,P3,0.0,0.0,,,
2026-07-08,0.0,7.38,0.0,3.67,,,,,,P4,0.0,0.0,,,
