date,container_arrivals,dry_bulk_arrivals,general_cargo_arrivals,ro_ro_arrivals,tanker_arrivals,total_ship_arrivals
2019-01-01,8,11,2,3,42,66
2019-01-02,13,10,0,2,45,70
2019-01-03,11,10,4,0,54,79
2019-01-04,12,14,2,1,42,71
2019-01-05,15,13,3,1,41,73
2019-01-06,7,15,1,2,40,65
2019-01-07,10,8,4,1,60,83
2019-01-08,8,10,8,1,42,69
2019-01-09,7,6,4,1,26,44
2019-01-10,10,8,6,2,43,69
2019-01-11,8,9,4,1,49,71
2019-01-12,8,10,6,0,42,66
2019-01-13,7,12,2,1,28,50
2019-01-14,8,6,4,5,43,66
2019-01-15,12,10,4,4,32,62
2019-01-16,10,19,6,1,37,73
2019-01-17,11,13,4,0,37,65
2019-01-18,11,7,1,0,38,57
2019-01-19,9,11,4,2,41,67
2019-01-20,11,14,5,2,50,82
2019-01-21,7,11,6,2,41,67
2019-01-22,8,8,2,3,43,64
2019-01-23,5,6,0,0,38,49
2019-01-24,6,9,1,0,35,51
2019-01-25,11,9,4,0,30,54
2019-01-26,10,12,3,0,47,72
2019-01-27,10,12,2,0,44,68
2019-01-28,11,12,3,3,35,64
2019-01-29,11,7,4,0,38,60
2019-01-30,7,14,4,2,44,71
2019-01-31,6,9,5,1,32,53
2019-02-01,8,8,3,0,39,58
2019-02-02,10,3,4,1,40,58
2019-02-03,6,9,6,2,42,65
2019-02-04,7,14,2,1,38,62
2019-02-05,9,18,1,3,35,66
2019-02-06,8,12,2,0,36,58
2019-02-07,8,17,1,5,39,70
2019-02-08,9,11,2,2,45,69
2019-02-09,6,10,4,0,50,70
2019-02-10,8,12,6,0,45,71
2019-02-11,7,9,1,2,30,49
2019-02-12,11,9,3,3,36,62
2019-02-13,3,13,2,1,40,59
2019-02-14,9,13,6,2,44,74
2019-02-15,10,16,5,2,40,73
2019-02-16,11,14,2,0,47,74
2019-02-17,4,9,2,0,34,49
2019-02-18,13,17,4,1,47,82
2019-02-19,8,10,7,2,38,65
2019-02-20,10,15,5,0,46,76
2019-02-21,9,18,1,3,53,84
2019-02-22,16,15,1,3,51,86
2019-02-23,12,10,6,1,56,85
2019-02-24,13,14,3,3,45,78
2019-02-25,10,9,2,0,34,55
2019-02-26,12,10,3,1,33,59
2019-02-27,1,16,0,1,30,48
2019-02-28,7,14,1,4,38,64
2019-03-01,8,10,3,3,55,79
2019-03-02,13,14,3,1,40,71
2019-03-03,7,14,1,3,48,73
2019-03-04,7,9,3,1,36,56
2019-03-05,14,12,3,2,47,78
2019-03-06,11,14,7,1,57,90
2019-03-07,4,10,3,1,35,53
2019-03-08,5,17,3,1,51,77
2019-03-09,15,10,3,1,61,90
2019-03-10,7,7,1,2,39,56
2019-03-11,8,11,1,1,26,47
2019-03-12,9,7,0,2,39,57
2019-03-13,12,15,3,1,47,78
2019-03-14,10,9,4,3,38,64
2019-03-15,6,11,3,4,39,63
2019-03-16,9,12,1,1,37,60
2019-03-17,12,12,3,2,50,79
2019-03-18,6,2,1,1,34,44
2019-03-19,12,10,2,2,39,65
2019-03-20,11,11,3,2,45,72
2019-03-21,5,13,3,1,39,61
2019-03-22,8,14,1,1,37,61
2019-03-23,12,14,2,2,38,68
2019-03-24,9,11,7,1,36,64
2019-03-25,12,9,5,0,27,53
2019-03-26,9,13,1,2,38,63
2019-03-27,11,6,4,4,42,67
2019-03-28,6,7,2,1,33,49
2019-03-29,13,19,6,2,40,80
2019-03-30,12,11,3,0,55,81
2019-03-31,5,10,4,3,38,60
2019-04-01,13,14,1,1,49,78
2019-04-02,9,12,4,2,31,58
2019-04-03,10,14,3,3,35,65
2019-04-04,2,9,1,2,23,37
2019-04-05,9,18,2,2,47,78
2019-04-06,11,16,3,2,50,82
2019-04-07,11,9,2,1,47,70
2019-04-08,17,11,6,1,47,82
2019-04-09,7,10,4,4,58,83
2019-04-10,10,13,3,0,39,65
2019-04-11,10,8,3,0,47,68
2019-04-12,4,11,4,1,40,60
2019-04-13,12,11,3,3,44,73
2019-04-14,7,11,1,1,27,47
2019-04-15,8,24,4,4,49,89
2019-04-16,16,14,6,2,43,81
2019-04-17,10,22,6,3,48,89
2019-04-18,8,15,1,0,44,68
2019-04-19,13,17,2,1,67,100
2019-04-20,15,19,3,2,57,96
2019-04-21,14,20,5,3,49,91
2019-04-22,19,26,0,2,49,96
2019-04-23,5,14,2,3,34,58
2019-04-24,16,8,3,2,43,72
2019-04-25,11,14,2,2,46,75
2019-04-26,12,15,2,1,45,75
2019-04-27,13,19,6,3,65,106
2019-04-28,14,17,6,2,52,91
2019-04-29,16,21,4,4,58,103
2019-04-30,8,15,3,2,42,70
2019-05-01,6,15,4,1,37,63
2019-05-02,13,19,8,2,62,104
2019-05-03,17,22,7,1,52,99
2019-05-04,10,13,3,1,49,76
2019-05-05,11,12,2,0,37,62
2019-05-06,11,17,1,2,47,78
2019-05-07,10,10,4,3,54,81
2019-05-08,17,21,2,1,62,103
2019-05-09,16,16,3,1,36,72
2019-05-10,13,13,0,0,47,73
2019-05-11,12,14,0,1,50,77
2019-05-12,9,12,4,1,49,75
2019-05-13,13,15,5,3,48,84
2019-05-14,10,11,3,2,27,53
2019-05-15,6,20,0,1,55,82
2019-05-16,8,15,2,1,47,73
2019-05-17,15,22,4,3,57,101
2019-05-18,8,15,0,3,47,73
2019-05-19,10,9,4,2,53,78
2019-05-20,8,12,0,3,42,65
2019-05-21,9,9,1,1,32,52
2019-05-22,10,11,6,2,39,68
2019-05-23,10,10,5,2,53,80
2019-05-24,18,12,5,4,49,88
2019-05-25,17,17,0,1,50,85
2019-05-26,8,16,0,0,54,78
2019-05-27,16,18,3,2,62,101
2019-05-28,12,11,5,1,35,64
2019-05-29,14,25,6,1,52,98
2019-05-30,14,19,2,1,66,102
2019-05-31,15,18,3,0,52,88
2019-06-01,5,7,0,2,28,42
2019-06-02,13,14,6,1,58,92
2019-06-03,16,16,3,2,67,104
2019-06-04,10,19,3,3,70,105
2019-06-05,4,15,2,1,36,58
2019-06-06,16,20,3,0,43,82
2019-06-07,14,16,5,0,57,92
2019-06-08,9,15,3,3,51,81
2019-06-09,8,13,4,3,43,71
2019-06-10,11,23,1,4,46,85
2019-06-11,9,20,5,4,54,92
2019-06-12,10,16,1,2,51,80
2019-06-13,9,8,4,1,39,61
2019-06-14,9,18,1,1,36,65
2019-06-15,16,17,2,0,35,70
2019-06-16,19,13,4,0,77,113
2019-06-17,10,22,3,1,59,95
2019-06-18,12,19,2,1,52,86
2019-06-19,8,14,0,4,48,74
2019-06-20,16,15,5,4,52,92
2019-06-21,18,18,3,3,53,95
2019-06-22,15,16,6,2,52,91
2019-06-23,9,11,2,1,39,62
2019-06-24,15,16,3,4,79,117
2019-06-25,16,12,4,1,72,105
2019-06-26,16,14,7,2,66,105
2019-06-27,19,16,7,1,62,105
2019-06-28,14,19,3,2,51,89
2019-06-29,8,9,5,0,51,73
2019-06-30,21,22,3,3,60,109
2019-07-01,21,20,2,4,68,115
2019-07-02,15,13,12,2,49,91
2019-07-03,17,20,4,4,72,117
2019-07-04,22,29,4,2,66,123
2019-07-05,11,15,4,4,57,91
2019-07-06,23,27,6,1,65,122
2019-07-07,16,23,5,2,53,99
2019-07-08,12,14,9,3,58,96
2019-07-09,6,18,5,3,43,75
2019-07-10,7,15,0,3,41,66
2019-07-11,14,19,4,4,53,94
2019-07-12,18,12,9,2,67,108
2019-07-13,12,12,5,2,40,71
2019-07-14,12,20,8,3,46,89
2019-07-15,18,18,6,2,54,98
2019-07-16,11,19,6,3,54,93
2019-07-17,16,13,4,3,49,85
2019-07-18,12,15,4,2,50,83
2019-07-19,14,11,6,0,47,78
2019-07-20,11,13,5,1,38,68
2019-07-21,13,19,5,4,60,101
2019-07-22,21,15,1,6,56,99
2019-07-23,9,16,3,0,53,81
2019-07-24,13,11,3,2,50,79
2019-07-25,8,14,5,2,44,73
2019-07-26,15,13,4,2,50,84
2019-07-27,10,9,3,1,48,71
2019-07-28,17,13,3,1,49,83
2019-07-29,14,25,4,1,50,94
2019-07-30,5,17,3,0,33,58
2019-07-31,16,17,0,4,50,87
2019-08-01,16,16,4,5,60,101
2019-08-02,16,15,4,3,53,91
2019-08-03,14,10,3,3,37,67
2019-08-04,8,9,5,1,45,68
2019-08-05,10,13,1,1,55,80
2019-08-06,16,21,2,3,62,104
2019-08-07,16,25,5,4,64,114
2019-08-08,15,15,8,5,62,105
2019-08-09,13,13,6,1,42,75
2019-08-10,9,23,3,1,65,101
2019-08-11,18,22,6,2,52,100
2019-08-12,17,16,3,2,52,90
2019-08-13,15,16,1,1,56,89
2019-08-14,12,16,0,1,38,67
2019-08-15,16,23,3,2,45,89
2019-08-16,14,11,2,2,50,79
2019-08-17,14,13,5,1,65,98
2019-08-18,10,8,7,1,52,78
2019-08-19,13,15,2,5,41,76
2019-08-20,13,14,2,4,46,79
2019-08-21,8,19,2,2,63,94
2019-08-22,11,15,3,0,52,81
2019-08-23,14,18,5,3,48,88
2019-08-24,20,17,3,1,52,93
2019-08-25,17,17,2,5,55,96
2019-08-26,14,16,4,2,62,98
2019-08-27,15,19,3,1,50,88
2019-08-28,9,15,1,1,49,75
2019-08-29,16,16,10,0,63,105
2019-08-30,11,17,8,1,60,97
2019-08-31,15,9,1,2,46,73
2019-09-01,19,18,3,2,49,91
2019-09-02,10,15,2,2,43,72
2019-09-03,18,19,1,2,43,83
2019-09-04,16,24,1,1,53,95
2019-09-05,12,21,3,3,57,96
2019-09-06,10,20,6,1,59,96
2019-09-07,13,15,9,2,61,100
2019-09-08,16,17,3,5,47,88
2019-09-09,13,14,2,1,56,86
2019-09-10,13,24,6,4,44,91
2019-09-11,15,16,6,1,50,88
2019-09-12,11,10,1,1,39,62
2019-09-13,14,9,3,1,39,66
2019-09-14,18,20,7,5,62,112
2019-09-15,13,18,1,1,45,78
2019-09-16,21,16,3,6,58,104
2019-09-17,12,14,5,1,52,84
2019-09-18,6,7,1,1,37,52
2019-09-19,11,10,4,3,43,71
2019-09-20,12,20,4,1,53,90
2019-09-21,11,12,3,2,47,75
2019-09-22,12,15,1,3,48,79
2019-09-23,11,14,3,3,37,68
2019-09-24,11,11,3,3,42,70
2019-09-25,15,13,2,1,40,71
2019-09-26,9,11,3,2,32,57
2019-09-27,6,16,4,0,37,63
2019-09-28,14,27,3,1,54,99
2019-09-29,21,18,4,0,68,111
2019-09-30,12,15,1,2,55,85
2019-10-01,13,14,1,2,49,79
2019-10-02,12,17,3,2,49,83
2019-10-03,7,7,1,3,33,51
2019-10-04,3,4,4,0,32,43
2019-10-05,14,14,6,3,48,85
2019-10-06,13,13,2,0,37,65
2019-10-07,7,6,3,1,40,57
2019-10-08,8,11,2,4,39,64
2019-10-09,9,11,3,5,45,73
2019-10-10,10,12,1,2,48,73
2019-10-11,8,10,1,1,50,70
2019-10-12,20,16,4,1,35,76
2019-10-13,13,7,3,3,47,73
2019-10-14,17,11,4,3,48,83
2019-10-15,11,15,3,3,54,86
2019-10-16,14,20,3,2,67,106
2019-10-17,15,18,7,2,67,109
2019-10-18,10,13,4,5,41,73
2019-10-19,5,11,2,0,29,47
2019-10-20,20,20,0,1,56,97
2019-10-21,10,9,3,2,41,65
2019-10-22,12,17,1,1,48,79
2019-10-23,14,13,8,3,49,87
2019-10-24,3,13,3,2,41,62
2019-10-25,16,12,2,3,46,79
2019-10-26,12,14,3,1,48,78
2019-10-27,13,17,3,4,40,77
2019-10-28,6,10,4,2,27,49
2019-10-29,10,13,4,1,46,74
2019-10-30,11,18,1,2,66,98
2019-10-31,13,10,2,1,41,67
2019-11-01,11,10,5,3,46,75
2019-11-02,10,8,2,3,35,58
2019-11-03,10,9,0,1,31,51
2019-11-04,12,12,3,1,45,73
2019-11-05,12,14,4,0,29,59
2019-11-06,10,11,1,0,44,66
2019-11-07,9,6,4,4,36,59
2019-11-08,9,11,3,1,46,70
2019-11-09,12,8,7,2,42,71
2019-11-10,9,8,1,1,37,56
2019-11-11,4,7,2,1,37,51
2019-11-12,6,10,1,0,40,57
2019-11-13,10,8,5,2,32,57
2019-11-14,8,6,3,2,26,45
2019-11-15,7,8,3,1,28,47
2019-11-16,6,12,4,2,34,58
2019-11-17,5,7,0,2,20,34
2019-11-18,6,12,2,2,24,46
2019-11-19,10,9,1,1,33,54
2019-11-20,4,10,2,1,36,53
2019-11-21,6,8,1,1,32,48
2019-11-22,12,7,1,2,32,54
2019-11-23,8,3,3,2,30,46
2019-11-24,6,4,0,0,30,40
2019-11-25,3,7,2,4,35,51
2019-11-26,3,14,1,2,38,58
2019-11-27,10,15,2,1,40,68
2019-11-28,5,9,4,1,43,62
2019-11-29,3,10,6,0,42,61
2019-11-30,6,7,3,0,34,50
2019-12-01,10,7,3,0,25,45
2019-12-02,7,15,1,3,40,66
2019-12-03,12,9,1,4,42,68
2019-12-04,8,10,1,0,32,51
2019-12-05,8,7,2,1,34,52
2019-12-06,5,9,3,1,22,40
2019-12-07,5,8,0,1,30,44
2019-12-08,7,9,2,2,40,60
2019-12-09,8,8,2,0,27,45
2019-12-10,7,12,3,0,33,55
2019-12-11,5,8,3,1,22,39
2019-12-12,7,6,4,1,44,62
2019-12-13,8,10,2,1,45,66
2019-12-14,6,16,2,1,48,73
2019-12-15,12,13,6,3,47,81
2019-12-16,6,12,2,1,29,50
2019-12-17,7,13,2,2,41,65
2019-12-18,8,15,5,2,41,71
2019-12-19,11,11,3,1,43,69
2019-12-20,7,8,4,1,49,69
2019-12-21,10,16,3,3,37,69
2019-12-22,6,6,0,0,24,36
2019-12-23,11,13,3,3,42,72
2019-12-24,5,16,4,2,31,58
2019-12-25,6,15,8,2,41,72
2019-12-26,8,11,2,0,45,66
2019-12-27,6,7,1,1,28,43
2019-12-28,5,6,1,1,16,29
2019-12-29,8,14,2,1,35,60
2019-12-30,8,10,5,4,42,69
2019-12-31,8,10,3,2,49,72
2020-01-01,11,12,2,1,60,86
2020-01-02,16,12,3,0,43,74
2020-01-03,10,18,0,3,44,75
2020-01-04,9,14,3,2,48,76
2020-01-05,14,12,4,1,46,77
2020-01-06,10,12,2,4,38,66
2020-01-07,8,8,6,3,52,77
2020-01-08,11,8,6,1,23,49
2020-01-09,11,18,3,1,35,68
2020-01-10,8,11,8,2,43,72
2020-01-11,11,18,2,1,49,81
2020-01-12,8,12,4,4,37,65
2020-01-13,10,20,3,3,28,64
2020-01-14,13,15,8,1,32,69
2020-01-15,7,16,2,1,38,64
2020-01-16,7,5,0,0,21,33
2020-01-17,14,13,4,3,45,79
2020-01-18,9,13,6,2,42,72
2020-01-19,8,16,4,2,39,69
2020-01-20,13,12,2,1,40,68
2020-01-21,11,19,3,2,31,66
2020-01-22,11,13,2,2,38,66
2020-01-23,16,12,1,0,35,64
2020-01-24,12,13,5,1,54,85
2020-01-25,17,18,4,3,43,85
2020-01-26,12,12,5,2,51,82
2020-01-27,11,11,2,1,36,61
2020-01-28,8,14,2,0,35,59
2020-01-29,7,16,5,1,38,67
2020-01-30,11,12,5,1,46,75
2020-01-31,13,10,3,3,51,80
2020-02-01,12,11,3,1,45,72
2020-02-02,8,11,0,0,40,59
2020-02-03,9,10,1,3,51,74
2020-02-04,14,8,2,2,37,63
2020-02-05,9,19,2,0,41,71
2020-02-06,11,17,4,0,43,75
2020-02-07,9,23,1,1,46,80
2020-02-08,10,9,1,0,49,69
2020-02-09,5,8,4,1,24,42
2020-02-10,6,12,2,2,32,54
2020-02-11,7,12,6,1,43,69
2020-02-12,13,9,3,1,38,64
2020-02-13,7,15,0,0,19,41
2020-02-14,5,16,4,2,26,53
2020-02-15,13,5,5,0,36,59
2020-02-16,10,11,10,1,38,70
2020-02-17,12,21,4,4,59,100
2020-02-18,10,17,7,3,36,73
2020-02-19,10,10,2,2,30,54
2020-02-20,9,21,5,0,62,97
2020-02-21,17,16,4,3,38,78
2020-02-22,9,13,7,2,33,64
2020-02-23,7,11,3,1,48,70
2020-02-24,8,12,6,5,39,70
2020-02-25,19,16,8,1,42,86
2020-02-26,7,11,4,1,47,70
2020-02-27,8,5,3,1,25,42
2020-02-28,10,14,1,1,49,75
2020-02-29,11,15,6,1,50,83
2020-03-01,9,6,3,3,39,60
2020-03-02,8,20,4,2,53,87
2020-03-03,4,10,3,1,36,54
2020-03-04,4,7,3,3,22,39
2020-03-05,8,16,0,2,33,59
2020-03-06,10,15,2,2,41,70
2020-03-07,9,11,5,1,48,74
2020-03-08,9,13,3,2,60,87
2020-03-09,8,7,0,0,28,43
2020-03-10,5,9,2,0,41,57
2020-03-11,9,11,4,2,34,60
2020-03-12,11,8,3,1,46,69
2020-03-13,6,11,3,2,26,48
2020-03-14,9,7,1,2,34,53
2020-03-15,10,9,0,4,32,55
2020-03-16,5,6,1,2,23,37
2020-03-17,10,7,5,1,41,64
2020-03-18,13,7,4,1,40,65
2020-03-19,11,9,2,1,37,60
2020-03-20,9,10,4,2,46,71
2020-03-21,7,7,3,1,45,63
2020-03-22,13,7,4,1,38,63
2020-03-23,9,8,2,3,37,59
2020-03-24,10,13,3,2,38,66
2020-03-25,7,10,2,0,26,45
2020-03-26,10,15,4,1,47,77
2020-03-27,7,10,2,0,30,49
2020-03-28,13,13,3,2,46,77
2020-03-29,4,4,1,1,20,30
2020-03-30,6,4,2,2,37,51
2020-03-31,8,14,3,3,43,71
2020-04-01,11,13,3,1,35,63
2020-04-02,14,13,7,0,57,91
2020-04-03,15,13,3,2,61,94
2020-04-04,11,11,1,4,48,75
2020-04-05,14,16,6,0,64,100
2020-04-06,14,15,3,3,59,94
2020-04-07,14,20,4,2,47,87
2020-04-08,21,12,7,1,52,93
2020-04-09,12,12,2,2,40,68
2020-04-10,10,10,6,1,45,72
2020-04-11,9,14,2,2,37,64
2020-04-12,6,12,0,0,41,59
2020-04-13,11,8,0,1,51,71
2020-04-14,2,10,2,1,23,38
2020-04-15,10,11,4,2,39,66
2020-04-16,7,10,2,0,60,79
2020-04-17,10,10,3,3,49,75
2020-04-18,17,12,0,2,44,75
2020-04-19,14,16,1,2,48,81
2020-04-20,8,9,2,1,42,62
2020-04-21,5,13,4,2,55,79
2020-04-22,12,12,7,2,41,74
2020-04-23,10,11,4,4,55,84
2020-04-24,14,12,4,3,56,89
2020-04-25,9,13,8,1,58,89
2020-04-26,9,15,9,0,53,86
2020-04-27,8,8,5,1,48,70
2020-04-28,10,13,7,2,44,76
2020-04-29,15,10,4,0,37,66
2020-04-30,10,13,6,1,30,60
2020-05-01,4,10,2,6,33,55
2020-05-02,10,13,2,0,49,74
2020-05-03,14,13,2,0,46,75
2020-05-04,20,13,7,1,62,103
2020-05-05,15,15,1,1,51,83
2020-05-06,12,13,3,1,51,80
2020-05-07,14,20,5,1,53,93
2020-05-08,13,14,6,4,63,100
2020-05-09,15,25,4,1,61,106
2020-05-10,15,21,8,5,45,94
2020-05-11,14,19,4,3,67,107
2020-05-12,15,10,4,2,67,98
2020-05-13,11,15,3,4,62,95
2020-05-14,21,14,5,4,65,109
2020-05-15,11,18,6,1,57,93
2020-05-16,14,18,5,1,62,100
2020-05-17,11,18,8,1,56,94
2020-05-18,13,5,2,1,47,68
2020-05-19,17,17,4,4,60,102
2020-05-20,21,23,6,4,53,107
2020-05-21,13,18,3,3,59,96
2020-05-22,12,6,2,2,36,58
2020-05-23,11,15,4,3,36,69
2020-05-24,15,14,9,2,52,92
2020-05-25,14,18,7,2,46,87
2020-05-26,10,12,3,2,39,66
2020-05-27,10,10,3,4,38,65
2020-05-28,16,13,4,1,60,94
2020-05-29,13,17,2,2,62,96
2020-05-30,13,17,4,2,42,78
2020-05-31,13,12,9,1,44,79
2020-06-01,13,18,3,3,51,88
2020-06-02,14,21,4,3,62,104
2020-06-03,18,14,5,1,56,94
2020-06-04,11,15,5,2,53,86
2020-06-05,15,19,6,4,52,96
2020-06-06,13,15,2,1,53,84
2020-06-07,16,16,1,3,53,89
2020-06-08,13,15,3,3,57,91
2020-06-09,16,15,8,1,59,99
2020-06-10,20,15,9,1,62,107
2020-06-11,15,19,6,5,58,103
2020-06-12,22,11,4,2,59,98
2020-06-13,14,19,2,1,61,97
2020-06-14,19,24,6,1,62,112
2020-06-15,21,21,3,2,54,101
2020-06-16,19,16,8,0,60,103
2020-06-17,25,16,6,0,64,111
2020-06-18,14,15,4,2,58,93
2020-06-19,27,17,6,3,62,115
2020-06-20,15,14,5,3,68,105
2020-06-21,18,13,3,2,68,104
2020-06-22,15,14,5,1,68,103
2020-06-23,13,16,3,3,72,107
2020-06-24,18,16,5,2,56,97
2020-06-25,11,12,5,3,58,89
2020-06-26,10,13,1,3,61,88
2020-06-27,17,10,4,0,54,85
2020-06-28,15,13,5,2,53,88
2020-06-29,21,19,6,1,71,118
2020-06-30,16,18,11,0,58,103
2020-07-01,12,11,4,3,29,59
2020-07-02,13,15,7,3,50,88
2020-07-03,17,20,5,0,58,100
2020-07-04,16,22,5,2,52,97
2020-07-05,14,14,9,1,65,103
2020-07-06,14,15,3,1,56,89
2020-07-07,14,14,8,2,76,114
2020-07-08,16,9,5,1,58,89
2020-07-09,22,17,2,1,58,100
2020-07-10,11,14,4,3,55,87
2020-07-11,15,16,5,3,68,107
2020-07-12,16,13,6,0,61,96
2020-07-13,15,18,4,3,54,94
2020-07-14,12,19,4,2,65,102
2020-07-15,13,16,1,0,57,87
2020-07-16,15,12,4,1,58,90
2020-07-17,7,17,3,1,53,81
2020-07-18,15,24,3,1,65,108
2020-07-19,10,18,3,1,50,82
2020-07-20,17,16,3,2,65,103
2020-07-21,12,9,6,1,58,86
2020-07-22,12,13,6,3,47,81
2020-07-23,14,9,1,2,51,77
2020-07-24,10,20,5,3,71,109
2020-07-25,15,16,6,1,64,102
2020-07-26,23,14,7,2,68,114
2020-07-27,11,16,4,4,55,90
2020-07-28,10,14,4,4,67,99
2020-07-29,24,16,4,1,54,99
2020-07-30,13,15,5,2,69,104
2020-07-31,10,14,4,1,51,80
2020-08-01,11,17,6,2,59,95
2020-08-02,17,16,4,2,59,98
2020-08-03,12,17,4,0,71,104
2020-08-04,16,11,3,2,59,91
2020-08-05,14,20,4,2,57,97
2020-08-06,15,16,4,3,44,82
2020-08-07,13,14,8,2,63,100
2020-08-08,10,15,5,0,67,97
2020-08-09,15,9,4,2,41,71
2020-08-10,13,17,5,2,57,94
2020-08-11,12,14,2,1,59,88
2020-08-12,10,16,3,0,67,96
2020-08-13,18,15,7,3,56,99
2020-08-14,12,27,9,0,64,112
2020-08-15,11,21,5,0,66,103
2020-08-16,18,12,3,2,69,104
2020-08-17,14,19,5,2,57,97
2020-08-18,18,18,6,2,66,110
2020-08-19,13,20,4,2,55,94
2020-08-20,14,21,6,3,51,95
2020-08-21,15,14,4,0,57,90
2020-08-22,12,17,6,0,49,84
2020-08-23,16,18,5,0,62,101
2020-08-24,10,18,1,0,52,81
2020-08-25,8,10,3,0,61,82
2020-08-26,9,15,5,1,55,85
2020-08-27,14,18,6,4,52,94
2020-08-28,19,18,3,0,45,85
2020-08-29,21,18,3,3,50,95
2020-08-30,19,21,7,4,53,104
2020-08-31,17,17,6,1,53,94
2020-09-01,19,15,2,3,62,101
2020-09-02,15,26,6,1,54,102
2020-09-03,13,20,9,3,53,98
2020-09-04,14,11,3,1,66,95
2020-09-05,16,14,2,3,59,94
2020-09-06,20,15,3,1,47,86
2020-09-07,19,26,3,0,72,120
2020-09-08,15,19,3,3,62,102
2020-09-09,14,26,7,3,54,104
2020-09-10,18,23,6,4,47,98
2020-09-11,9,19,5,5,69,107
2020-09-12,18,18,9,2,66,113
2020-09-13,12,17,2,3,68,102
2020-09-14,15,14,1,0,47,77
2020-09-15,12,11,1,0,48,72
2020-09-16,17,19,7,1,53,97
2020-09-17,22,18,6,1,65,112
2020-09-18,20,16,6,1,55,98
2020-09-19,22,27,7,2,50,108
2020-09-20,16,16,6,3,68,109
2020-09-21,25,26,8,1,65,125
2020-09-22,15,17,5,2,53,92
2020-09-23,13,16,5,2,57,93
2020-09-24,19,18,4,3,67,111
2020-09-25,14,22,4,2,48,90
2020-09-26,22,23,3,1,51,100
2020-09-27,20,26,5,1,74,126
2020-09-28,21,23,10,1,49,104
2020-09-29,14,17,9,1,51,92
2020-09-30,21,17,6,0,57,101
2020-10-01,17,13,2,2,49,83
2020-10-02,16,21,2,4,66,109
2020-10-03,19,22,3,3,77,124
2020-10-04,16,19,3,3,57,98
2020-10-05,16,17,2,0,43,78
2020-10-06,14,17,6,0,82,119
2020-10-07,17,19,6,2,69,113
2020-10-08,24,16,6,4,70,120
2020-10-09,13,12,3,1,48,77
2020-10-10,13,28,7,0,59,107
2020-10-11,8,19,2,1,36,66
2020-10-12,18,18,1,2,48,87
2020-10-13,15,13,0,0,46,74
2020-10-14,9,15,1,0,48,73
2020-10-15,13,17,2,2,71,105
2020-10-16,14,20,2,1,53,90
2020-10-17,11,21,3,2,54,91
2020-10-18,9,12,3,6,66,96
2020-10-19,13,10,5,2,42,72
2020-10-20,11,13,10,0,43,77
2020-10-21,15,7,4,0,46,72
2020-10-22,7,13,2,2,36,60
2020-10-23,17,28,4,5,56,110
2020-10-24,10,16,4,1,49,80
2020-10-25,9,18,3,3,54,87
2020-10-26,6,13,5,1,52,77
2020-10-27,13,18,6,2,61,100
2020-10-28,16,13,1,2,40,72
2020-10-29,15,18,2,1,51,87
2020-10-30,10,21,4,2,61,98
2020-10-31,17,20,5,1,53,96
2020-11-01,18,14,5,2,45,84
2020-11-02,15,16,5,2,60,98
2020-11-03,15,14,3,3,60,95
2020-11-04,19,22,4,1,53,99
2020-11-05,17,18,3,5,60,103
2020-11-06,9,13,0,2,29,53
2020-11-07,10,12,2,1,50,75
2020-11-08,7,8,2,0,32,49
2020-11-09,11,11,5,0,47,74
2020-11-10,11,16,3,2,62,94
2020-11-11,18,22,3,1,65,109
2020-11-12,10,15,2,2,53,82
2020-11-13,9,14,1,2,40,66
2020-11-14,11,14,2,0,37,64
2020-11-15,10,14,3,0,33,60
2020-11-16,13,13,0,0,28,54
2020-11-17,9,13,1,1,46,70
2020-11-18,4,7,2,3,36,52
2020-11-19,5,10,3,1,30,49
2020-11-20,7,13,2,1,37,60
2020-11-21,5,10,0,0,30,45
2020-11-22,7,14,2,0,17,40
2020-11-23,6,7,1,4,20,38
2020-11-24,10,9,4,0,27,50
2020-11-25,11,11,2,2,46,72
2020-11-26,8,11,1,3,38,61
2020-11-27,8,13,4,1,47,73
2020-11-28,6,10,3,1,53,73
2020-11-29,8,10,3,1,41,63
2020-11-30,8,12,2,1,43,66
2020-12-01,12,11,6,2,43,74
2020-12-02,11,13,9,1,61,95
2020-12-03,9,12,1,2,53,77
2020-12-04,7,10,4,4,59,84
2020-12-05,13,11,6,0,50,80
2020-12-06,10,10,5,0,33,58
2020-12-07,5,9,1,0,33,48
2020-12-08,12,10,3,1,30,56
2020-12-09,9,12,0,0,35,56
2020-12-10,11,15,0,2,36,64
2020-12-11,8,12,2,1,45,68
2020-12-12,4,8,1,2,25,40
2020-12-13,5,10,2,2,35,54
2020-12-14,11,7,1,1,47,67
2020-12-15,12,13,1,2,32,60
2020-12-16,11,12,2,1,16,42
2020-12-17,5,3,1,2,17,28
2020-12-18,5,17,1,2,33,58
2020-12-19,8,15,4,1,34,62
2020-12-20,6,9,0,1,30,46
2020-12-21,6,9,1,0,35,51
2020-12-22,7,7,3,1,42,60
2020-12-23,12,8,1,2,39,62
2020-12-24,9,9,3,2,39,62
2020-12-25,12,10,0,2,31,55
2020-12-26,14,4,1,0,60,79
2020-12-27,5,5,1,0,34,45
2020-12-28,13,17,1,1,39,71
2020-12-29,6,15,2,1,45,69
2020-12-30,6,9,3,3,39,60
2020-12-31,13,6,2,1,37,59
2021-01-01,8,15,2,0,46,71
2021-01-02,11,8,3,1,43,66
2021-01-03,6,17,2,1,53,79
2021-01-04,12,6,3,1,36,58
2021-01-05,14,10,2,0,51,77
2021-01-06,9,14,4,2,47,76
2021-01-07,16,10,2,0,52,80
2021-01-08,7,13,2,1,39,62
2021-01-09,6,15,1,3,42,67
2021-01-10,6,8,2,3,36,55
2021-01-11,10,15,2,2,44,73
2021-01-12,10,12,5,1,37,65
2021-01-13,8,22,4,1,40,75
2021-01-14,12,15,1,2,44,74
2021-01-15,12,20,2,0,51,85
2021-01-16,9,15,3,1,54,82
2021-01-17,9,17,2,2,48,78
2021-01-18,17,20,5,1,52,95
2021-01-19,14,30,10,3,62,119
2021-01-20,11,18,4,3,67,103
2021-01-21,13,14,6,1,57,91
2021-01-22,12,11,2,2,36,63
2021-01-23,12,12,0,0,38,62
2021-01-24,9,11,0,1,30,51
2021-01-25,6,10,1,0,50,67
2021-01-26,8,12,2,4,49,75
2021-01-27,15,14,5,0,62,96
2021-01-28,10,15,2,1,61,89
2021-01-29,16,20,5,1,58,100
2021-01-30,12,14,2,2,46,76
2021-01-31,8,11,4,4,45,72
2021-02-01,11,8,5,2,49,75
2021-02-02,9,16,4,2,41,72
2021-02-03,9,8,2,3,56,78
2021-02-04,18,11,4,0,64,97
2021-02-05,16,9,4,0,53,82
2021-02-06,9,10,5,3,54,81
2021-02-07,8,15,2,1,49,75
2021-02-08,9,7,4,0,47,67
2021-02-09,10,7,4,2,50,73
2021-02-10,11,16,6,2,49,84
2021-02-11,17,18,5,7,50,97
2021-02-12,12,13,6,2,70,103
2021-02-13,15,13,3,0,56,87
2021-02-14,11,14,5,1,67,98
2021-02-15,18,25,5,0,74,122
2021-02-16,22,15,7,1,48,93
2021-02-17,16,16,5,2,56,95
2021-02-18,15,12,1,3,53,84
2021-02-19,17,14,4,1,55,91
2021-02-20,15,15,6,0,46,82
2021-02-21,8,11,2,0,35,56
2021-02-22,13,12,2,2,38,67
2021-02-23,12,9,2,3,48,74
2021-02-24,12,12,2,1,38,65
2021-02-25,13,11,2,1,54,81
2021-02-26,10,9,1,2,43,65
2021-02-27,11,12,0,4,44,71
2021-02-28,9,8,1,1,23,42
2021-03-01,15,19,1,2,50,87
2021-03-02,13,18,3,3,55,92
2021-03-03,16,14,5,2,53,90
2021-03-04,15,7,4,0,60,86
2021-03-05,14,18,3,1,48,84
2021-03-06,15,11,5,0,41,72
2021-03-07,3,9,1,2,30,45
2021-03-08,9,12,5,1,30,57
2021-03-09,9,15,5,4,58,91
2021-03-10,7,13,2,0,36,58
2021-03-11,19,10,1,2,62,94
2021-03-12,11,12,0,1,52,76
2021-03-13,11,11,5,2,40,69
2021-03-14,9,18,4,0,46,77
2021-03-15,12,21,2,1,53,89
2021-03-16,13,17,1,3,60,94
2021-03-17,5,2,0,1,11,19
2021-03-18,14,8,1,0,33,56
2021-03-19,14,18,4,3,58,97
2021-03-20,11,14,4,5,42,76
2021-03-21,5,7,3,0,28,43
2021-03-22,10,10,1,0,48,69
2021-03-23,12,16,2,5,39,74
2021-03-24,18,18,3,2,64,105
2021-03-25,11,10,1,3,39,64
2021-03-26,13,12,2,2,44,73
2021-03-27,14,12,3,5,57,91
2021-03-28,14,14,1,1,49,79
2021-03-29,16,13,5,3,63,100
2021-03-30,19,16,5,3,65,108
2021-03-31,18,22,4,2,70,116
2021-04-01,22,25,6,0,69,122
2021-04-02,16,18,3,2,61,100
2021-04-03,17,15,6,3,76,117
2021-04-04,15,13,4,2,72,106
2021-04-05,9,14,4,0,64,91
2021-04-06,14,20,2,2,38,76
2021-04-07,19,19,0,4,76,118
2021-04-08,13,19,4,1,57,94
2021-04-09,22,21,3,3,81,130
2021-04-10,9,16,4,1,61,91
2021-04-11,13,18,5,1,55,92
2021-04-12,10,14,4,3,46,77
2021-04-13,2,10,2,2,48,64
2021-04-14,8,7,5,1,44,65
2021-04-15,18,12,3,3,41,77
2021-04-16,21,16,3,2,68,110
2021-04-17,21,17,2,0,65,105
2021-04-18,13,20,3,1,56,93
2021-04-19,21,17,4,0,52,94
2021-04-20,14,17,7,4,49,91
2021-04-21,21,17,3,12,64,117
2021-04-22,22,17,5,3,67,114
2021-04-23,19,20,3,1,71,114
2021-04-24,16,30,5,2,69,122
2021-04-25,13,16,4,1,61,95
2021-04-26,12,11,2,3,47,75
2021-04-27,15,17,6,1,52,91
2021-04-28,13,14,2,3,55,87
2021-04-29,10,12,5,3,46,76
2021-04-30,10,11,4,0,36,61
2021-05-01,13,16,6,3,37,75
2021-05-02,16,14,5,1,64,100
2021-05-03,7,16,2,0,76,101
2021-05-04,12,13,4,6,56,91
2021-05-05,10,13,1,2,43,69
2021-05-06,12,17,5,1,63,98
2021-05-07,22,13,5,4,64,108
2021-05-08,15,24,3,3,72,117
2021-05-09,10,14,2,1,56,83
2021-05-10,14,16,2,3,45,80
2021-05-11,14,27,3,3,67,114
2021-05-12,21,29,5,4,61,120
2021-05-13,13,15,7,4,78,117
2021-05-14,21,12,5,1,72,111
2021-05-15,8,7,0,0,55,70
2021-05-16,10,17,5,0,33,65
2021-05-17,14,22,5,4,54,99
2021-05-18,16,13,4,2,59,94
2021-05-19,12,17,3,4,60,96
2021-05-20,13,23,5,2,56,99
2021-05-21,18,24,6,2,64,114
2021-05-22,14,21,3,1,72,111
2021-05-23,13,12,5,1,70,101
2021-05-24,12,12,7,5,62,98
2021-05-25,11,10,4,4,52,81
2021-05-26,13,12,4,1,42,72
2021-05-27,24,16,4,2,64,110
2021-05-28,18,23,5,1,55,102
2021-05-29,12,23,2,3,53,93
2021-05-30,15,15,1,1,54,86
2021-05-31,19,17,7,1,65,109
2021-06-01,20,28,4,1,67,120
2021-06-02,16,12,4,3,75,110
2021-06-03,20,14,3,3,80,120
2021-06-04,16,14,0,3,50,83
2021-06-05,24,18,2,2,65,111
2021-06-06,17,27,1,2,53,100
2021-06-07,13,15,1,2,67,98
2021-06-08,10,14,2,2,61,89
2021-06-09,18,21,6,0,57,102
2021-06-10,20,29,4,3,53,109
2021-06-11,16,20,5,2,65,108
2021-06-12,23,19,6,4,55,107
2021-06-13,10,15,3,4,49,81
2021-06-14,12,15,4,2,45,78
2021-06-15,18,21,6,1,54,100
2021-06-16,20,23,5,2,67,117
2021-06-17,18,18,4,1,71,112
2021-06-18,17,13,1,2,89,122
2021-06-19,20,18,1,2,63,104
2021-06-20,17,20,8,2,64,111
2021-06-21,16,18,1,0,76,111
2021-06-22,17,14,3,1,74,109
2021-06-23,20,19,2,4,65,110
2021-06-24,18,19,2,3,70,112
2021-06-25,17,24,4,6,79,130
2021-06-26,14,22,7,3,60,106
2021-06-27,16,16,2,1,57,92
2021-06-28,14,14,1,1,60,90
2021-06-29,17,20,1,1,67,106
2021-06-30,14,17,4,2,64,101
2021-07-01,19,17,6,3,68,113
2021-07-02,25,14,2,0,78,119
2021-07-03,19,17,5,2,64,107
2021-07-04,12,22,4,5,58,101
2021-07-05,18,21,4,2,62,107
2021-07-06,13,16,4,1,58,92
2021-07-07,11,17,2,5,50,85
2021-07-08,17,17,2,2,60,98
2021-07-09,24,17,4,5,66,116
2021-07-10,14,11,5,2,60,92
2021-07-11,15,11,2,2,67,97
2021-07-12,14,12,4,3,65,98
2021-07-13,12,20,3,1,53,89
2021-07-14,12,16,1,2,58,89
2021-07-15,13,13,2,1,38,67
2021-07-16,14,17,3,3,57,94
2021-07-17,12,14,0,2,63,91
2021-07-18,10,10,2,2,60,84
2021-07-19,16,14,5,1,71,107
2021-07-20,15,14,3,1,61,94
2021-07-21,7,10,6,0,51,74
2021-07-22,17,17,0,3,63,100
2021-07-23,20,20,2,1,73,116
2021-07-24,17,19,7,3,51,97
2021-07-25,9,14,5,3,59,90
2021-07-26,16,17,3,1,61,98
2021-07-27,13,15,3,4,62,97
2021-07-28,16,12,1,1,77,107
2021-07-29,20,13,4,3,56,96
2021-07-30,18,17,3,0,61,99
2021-07-31,12,14,0,3,70,99
2021-08-01,14,20,5,1,65,105
2021-08-02,16,17,3,1,65,102
2021-08-03,25,20,3,1,62,111
2021-08-04,8,26,4,2,74,114
2021-08-05,12,27,3,3,67,112
2021-08-06,19,29,3,4,69,124
2021-08-07,14,30,4,2,63,113
2021-08-08,13,8,3,1,49,74
2021-08-09,11,19,6,1,50,87
2021-08-10,17,21,3,0,59,100
2021-08-11,13,14,2,2,48,79
2021-08-12,17,17,6,5,52,97
2021-08-13,12,14,6,5,50,87
2021-08-14,18,18,6,2,64,108
2021-08-15,11,20,4,1,62,98
2021-08-16,13,18,4,0,49,84
2021-08-17,11,8,1,1,48,69
2021-08-18,11,9,6,3,42,71
2021-08-19,16,16,3,2,51,88
2021-08-20,10,13,1,4,62,90
2021-08-21,19,21,3,1,72,116
2021-08-22,15,14,4,2,55,90
2021-08-23,10,13,2,3,46,74
2021-08-24,14,15,4,1,45,79
2021-08-25,10,14,3,3,53,83
2021-08-26,15,19,3,1,67,105
2021-08-27,15,22,3,2,69,111
2021-08-28,16,22,3,1,60,102
2021-08-29,16,20,5,2,64,107
2021-08-30,14,14,6,0,66,100
2021-08-31,12,19,5,2,67,105
2021-09-01,18,18,3,3,57,99
2021-09-02,9,16,1,3,53,82
2021-09-03,17,21,3,2,55,98
2021-09-04,14,15,2,1,59,91
2021-09-05,11,9,2,1,49,72
2021-09-06,14,20,4,0,52,90
2021-09-07,14,18,2,2,54,90
2021-09-08,17,19,3,2,68,109
2021-09-09,16,19,4,1,70,110
2021-09-10,14,17,0,3,56,90
2021-09-11,15,18,2,1,49,85
2021-09-12,17,14,2,2,58,93
2021-09-13,13,15,1,1,59,89
2021-09-14,21,18,3,2,62,106
2021-09-15,16,21,2,5,65,109
2021-09-16,19,21,1,3,60,104
2021-09-17,18,24,3,2,63,110
2021-09-18,12,15,6,2,60,95
2021-09-19,10,13,5,1,63,92
2021-09-20,11,14,2,1,63,91
2021-09-21,19,14,5,0,52,90
2021-09-22,22,22,5,1,59,109
2021-09-23,12,19,3,2,59,95
2021-09-24,19,19,4,5,66,113
2021-09-25,18,11,3,1,51,84
2021-09-26,15,11,2,1,68,97
2021-09-27,17,17,2,2,50,88
2021-09-28,17,16,3,3,62,101
2021-09-29,18,23,8,4,65,118
2021-09-30,20,21,4,2,67,114
2021-10-01,9,15,0,2,35,61
2021-10-02,8,11,1,3,49,72
2021-10-03,10,5,0,0,54,69
2021-10-04,16,17,2,3,61,99
2021-10-05,19,20,4,2,59,104
2021-10-06,13,15,11,4,69,112
2021-10-07,17,18,4,3,58,100
2021-10-08,20,24,4,1,87,136
2021-10-09,17,17,4,2,79,119
2021-10-10,19,20,4,1,59,103
2021-10-11,4,9,2,1,24,40
2021-10-12,7,16,2,2,39,66
2021-10-13,20,20,8,1,51,100
2021-10-14,13,20,5,4,74,116
2021-10-15,16,20,5,0,82,123
2021-10-16,11,15,3,1,54,84
2021-10-17,10,21,4,0,53,88
2021-10-18,13,16,1,0,73,103
2021-10-19,16,16,1,2,55,90
2021-10-20,20,21,4,1,61,107
2021-10-21,15,17,3,0,56,91
2021-10-22,10,11,2,2,50,75
2021-10-23,16,20,4,2,50,92
2021-10-24,10,23,2,3,62,100
2021-10-25,9,15,2,3,56,85
2021-10-26,7,13,3,1,33,57
2021-10-27,4,15,2,0,50,71
2021-10-28,10,14,3,1,43,71
2021-10-29,12,14,2,3,32,63
2021-10-30,9,10,0,3,50,72
2021-10-31,12,15,1,3,60,91
2021-11-01,9,21,4,3,75,112
2021-11-02,18,22,4,0,64,108
2021-11-03,15,20,2,2,51,90
2021-11-04,13,10,1,2,57,83
2021-11-05,12,13,1,2,56,84
2021-11-06,12,9,2,2,39,64
2021-11-07,7,11,1,1,25,45
2021-11-08,3,14,2,1,23,43
2021-11-09,18,12,4,2,46,82
2021-11-10,16,21,5,1,63,106
2021-11-11,12,23,6,1,75,117
2021-11-12,14,18,4,2,45,83
2021-11-13,17,25,2,1,56,101
2021-11-14,12,20,1,2,64,99
2021-11-15,14,17,4,2,57,94
2021-11-16,16,16,2,2,72,108
2021-11-17,16,11,2,1,67,97
2021-11-18,20,24,2,1,42,89
2021-11-19,11,20,2,5,59,97
2021-11-20,9,17,2,2,67,97
2021-11-21,14,25,2,1,70,112
2021-11-22,12,19,4,1,58,94
2021-11-23,11,15,7,4,63,100
2021-11-24,17,18,6,2,59,102
2021-11-25,10,13,4,1,45,73
2021-11-26,13,19,5,0,52,89
2021-11-27,16,20,7,5,57,105
2021-11-28,6,8,0,0,25,39
2021-11-29,7,22,5,3,53,90
2021-11-30,13,21,4,1,49,88
2021-12-01,8,17,3,5,68,101
2021-12-02,14,23,3,3,56,99
2021-12-03,13,16,2,1,76,108
2021-12-04,14,17,7,1,56,95
2021-12-05,10,18,7,0,54,89
2021-12-06,9,10,2,1,50,72
2021-12-07,5,15,1,1,68,90
2021-12-08,6,14,0,1,41,62
2021-12-09,14,17,3,2,59,95
2021-12-10,12,20,3,2,68,105
2021-12-11,11,10,1,1,48,71
2021-12-12,12,6,3,1,49,71
2021-12-13,5,14,3,2,45,69
2021-12-14,14,11,4,4,54,87
2021-12-15,12,14,5,3,65,99
2021-12-16,9,14,3,0,37,63
2021-12-17,9,18,7,4,44,82
2021-12-18,14,23,6,2,70,115
2021-12-19,13,17,7,2,68,107
2021-12-20,15,13,3,1,60,92
2021-12-21,9,14,0,3,45,71
2021-12-22,10,19,3,1,52,85
2021-12-23,11,12,5,4,46,78
2021-12-24,11,14,3,2,55,85
2021-12-25,22,23,1,1,66,113
2021-12-26,16,22,2,1,54,95
2021-12-27,6,11,3,0,54,74
2021-12-28,6,18,5,0,53,82
2021-12-29,10,11,4,2,41,68
2021-12-30,14,16,2,2,56,90
2021-12-31,11,14,3,2,61,91
2022-01-01,10,10,3,2,46,71
2022-01-02,11,16,1,3,63,94
2022-01-03,12,7,2,1,61,83
2022-01-04,10,15,4,2,58,89
2022-01-05,9,16,6,4,52,87
2022-01-06,13,12,3,3,51,82
2022-01-07,13,9,3,1,50,76
2022-01-08,9,19,2,1,53,84
2022-01-09,9,16,2,1,73,101
2022-01-10,10,15,3,3,66,97
2022-01-11,14,9,2,4,56,85
2022-01-12,16,21,4,2,54,97
2022-01-13,9,14,2,2,70,97
2022-01-14,10,20,5,2,64,101
2022-01-15,13,13,3,2,53,84
2022-01-16,14,19,5,2,58,98
2022-01-17,6,20,5,0,57,88
2022-01-18,17,16,4,2,69,108
2022-01-19,17,20,2,2,60,101
2022-01-20,16,15,1,4,60,96
2022-01-21,11,13,0,1,58,83
2022-01-22,13,15,3,2,43,76
2022-01-23,14,19,2,2,49,86
2022-01-24,6,24,1,4,57,92
2022-01-25,9,19,3,4,67,102
2022-01-26,19,20,4,1,68,112
2022-01-27,16,13,4,2,76,111
2022-01-28,8,8,7,3,47,73
2022-01-29,14,9,4,1,64,92
2022-01-30,16,23,3,1,65,108
2022-01-31,14,27,3,1,58,103
2022-02-01,21,22,6,2,65,116
2022-02-02,13,18,5,3,66,105
2022-02-03,13,21,7,1,80,122
2022-02-04,20,13,5,3,73,114
2022-02-05,17,17,8,4,73,119
2022-02-06,12,18,3,2,61,96
2022-02-07,10,16,1,1,58,86
2022-02-08,18,25,3,4,64,114
2022-02-09,17,20,6,0,70,113
2022-02-10,18,20,4,5,66,113
2022-02-11,16,29,2,5,79,131
2022-02-12,17,25,3,3,75,123
2022-02-13,19,17,5,2,61,104
2022-02-14,13,15,2,0,65,95
2022-02-15,11,20,6,3,74,114
2022-02-16,23,28,9,1,66,127
2022-02-17,19,23,6,1,65,114
2022-02-18,17,24,6,1,64,112
2022-02-19,24,27,7,6,64,128
2022-02-20,15,16,3,6,79,119
2022-02-21,14,13,2,2,77,108
2022-02-22,10,10,1,2,53,76
2022-02-23,23,13,5,2,74,117
2022-02-24,20,24,6,3,60,113
2022-02-25,13,23,6,5,83,130
2022-02-26,14,22,3,1,74,114
2022-02-27,23,15,5,1,71,115
2022-02-28,17,14,4,2,49,86
2022-03-01,18,15,5,3,56,97
2022-03-02,16,15,4,1,68,104
2022-03-03,23,21,4,2,72,122
2022-03-04,14,21,6,2,71,114
2022-03-05,12,18,4,3,63,100
2022-03-06,17,22,3,4,70,116
2022-03-07,14,17,5,2,62,100
2022-03-08,14,11,3,3,53,84
2022-03-09,15,17,3,4,57,96
2022-03-10,12,18,3,3,51,87
2022-03-11,11,20,4,1,55,91
2022-03-12,22,25,7,3,65,122
2022-03-13,14,27,5,4,87,137
2022-03-14,17,27,8,4,77,133
2022-03-15,19,26,5,2,71,123
2022-03-16,11,22,7,2,80,122
2022-03-17,14,24,5,2,57,102
2022-03-18,5,17,2,2,47,73
2022-03-19,18,20,3,2,62,105
2022-03-20,12,16,10,1,69,108
2022-03-21,12,29,6,2,77,126
2022-03-22,15,21,8,1,78,123
2022-03-23,16,18,4,4,82,124
2022-03-24,9,15,4,2,45,75
2022-03-25,18,25,6,0,63,112
2022-03-26,21,13,5,2,82,123
2022-03-27,17,11,11,2,74,115
2022-03-28,11,18,2,1,53,85
2022-03-29,13,15,4,0,52,84
2022-03-30,16,24,2,4,47,93
2022-03-31,19,24,4,2,82,131
2022-04-01,21,20,3,3,88,135
2022-04-02,16,16,4,2,51,89
2022-04-03,21,18,3,1,83,126
2022-04-04,14,22,7,4,82,129
2022-04-05,21,27,2,3,72,125
2022-04-06,22,28,4,1,91,146
2022-04-07,14,19,7,2,86,128
2022-04-08,17,17,4,2,69,109
2022-04-09,18,19,6,1,60,104
2022-04-10,14,20,5,1,49,89
2022-04-11,17,17,3,1,66,104
2022-04-12,12,26,3,0,74,115
2022-04-13,21,27,8,4,66,126
2022-04-14,18,19,8,3,77,125
2022-04-15,19,11,3,0,80,113
2022-04-16,19,12,6,5,66,108
2022-04-17,14,20,7,2,77,120
2022-04-18,12,26,3,4,68,113
2022-04-19,20,15,5,2,70,112
2022-04-20,18,18,7,2,75,120
2022-04-21,20,27,4,1,63,115
2022-04-22,18,25,2,1,79,125
2022-04-23,18,21,4,5,86,134
2022-04-24,19,27,3,2,62,113
2022-04-25,18,20,5,2,70,115
2022-04-26,25,16,4,3,95,143
2022-04-27,21,18,5,2,81,127
2022-04-28,25,19,7,1,69,121
2022-04-29,21,19,5,2,74,121
2022-04-30,13,16,3,3,70,105
2022-05-01,11,20,4,2,67,104
2022-05-02,18,19,2,3,72,114
2022-05-03,17,13,4,0,79,113
2022-05-04,15,16,4,6,63,104
2022-05-05,11,26,7,3,83,130
2022-05-06,26,27,4,2,86,145
2022-05-07,32,19,4,2,79,136
2022-05-08,25,27,3,3,71,129
2022-05-09,18,23,1,2,70,114
2022-05-10,15,24,5,1,54,99
2022-05-11,6,6,0,3,29,44
2022-05-12,10,7,1,0,34,52
2022-05-13,12,14,2,0,38,66
2022-05-14,15,16,4,5,67,107
2022-05-15,11,15,3,5,57,91
2022-05-16,16,15,4,0,55,90
2022-05-17,20,22,3,2,66,113
2022-05-18,16,20,6,5,76,123
2022-05-19,15,27,7,1,71,121
2022-05-20,16,12,10,6,50,94
2022-05-21,21,23,7,1,66,118
2022-05-22,9,6,4,1,64,84
2022-05-23,9,16,4,0,77,106
2022-05-24,15,16,1,0,55,87
2022-05-25,21,20,3,3,65,112
2022-05-26,11,21,5,1,71,109
2022-05-27,18,23,2,5,80,128
2022-05-28,21,24,0,1,75,121
2022-05-29,16,23,3,5,79,126
2022-05-30,20,20,6,1,80,127
2022-05-31,21,16,4,1,75,117
2022-06-01,26,21,3,4,75,129
2022-06-02,23,27,2,6,86,144
2022-06-03,15,27,4,5,73,124
2022-06-04,23,24,3,3,56,109
2022-06-05,19,20,4,0,72,115
2022-06-06,16,16,1,5,80,118
2022-06-07,23,17,3,2,61,106
2022-06-08,12,11,1,2,45,71
2022-06-09,12,9,2,1,66,90
2022-06-10,13,10,2,1,50,76
2022-06-11,14,16,5,2,72,109
2022-06-12,18,13,2,3,71,107
2022-06-13,12,12,2,2,48,76
2022-06-14,17,21,5,0,67,110
2022-06-15,11,10,1,0,47,69
2022-06-16,19,18,3,3,68,111
2022-06-17,18,6,5,1,53,83
2022-06-18,14,22,4,2,62,104
2022-06-19,12,26,1,1,74,114
2022-06-20,21,17,1,4,67,110
2022-06-21,20,16,3,4,57,100
2022-06-22,16,15,2,2,55,90
2022-06-23,21,24,3,4,58,110
2022-06-24,12,18,5,0,48,83
2022-06-25,16,20,6,2,64,108
2022-06-26,17,17,7,2,77,120
2022-06-27,15,23,3,1,88,130
2022-06-28,18,21,1,2,70,112
2022-06-29,26,23,3,2,63,117
2022-06-30,21,23,3,3,84,134
2022-07-01,16,16,5,3,60,100
2022-07-02,15,16,6,4,49,90
2022-07-03,9,25,4,3,75,116
2022-07-04,18,25,3,3,83,132
2022-07-05,22,11,4,0,73,110
2022-07-06,19,16,7,2,65,109
2022-07-07,12,18,3,3,67,103
2022-07-08,10,7,2,0,47,66
2022-07-09,17,23,2,5,61,108
2022-07-10,10,16,2,1,47,76
2022-07-11,10,16,4,3,71,104
2022-07-12,20,12,5,0,56,93
2022-07-13,21,21,5,2,65,114
2022-07-14,22,20,5,4,96,147
2022-07-15,19,18,2,2,93,134
2022-07-16,21,14,5,6,66,112
2022-07-17,18,20,6,2,71,117
2022-07-18,13,11,2,1,47,74
2022-07-19,16,10,2,1,59,88
2022-07-20,16,20,2,2,56,96
2022-07-21,10,15,3,0,56,84
2022-07-22,12,12,3,0,71,98
2022-07-23,13,13,1,3,63,93
2022-07-24,10,7,1,2,29,49
2022-07-25,12,9,4,0,48,73
2022-07-26,17,20,9,0,76,122
2022-07-27,10,19,3,3,73,108
2022-07-28,18,16,3,3,58,98
2022-07-29,21,20,5,0,57,103
2022-07-30,12,25,5,1,75,118
2022-07-31,20,18,5,2,67,112
2022-08-01,19,14,8,1,66,108
2022-08-02,24,27,6,2,67,126
2022-08-03,20,30,6,5,73,134
2022-08-04,21,28,4,0,73,126
2022-08-05,18,18,1,7,71,115
2022-08-06,14,14,1,1,58,88
2022-08-07,22,17,3,2,75,119
2022-08-08,17,24,5,4,65,115
2022-08-09,13,15,2,0,49,79
2022-08-10,23,22,2,4,82,133
2022-08-11,15,12,3,3,62,95
2022-08-12,13,25,6,1,81,126
2022-08-13,18,22,4,2,74,120
2022-08-14,12,27,3,0,69,111
2022-08-15,14,27,3,2,72,118
2022-08-16,20,19,4,7,79,129
2022-08-17,14,11,3,3,53,84
2022-08-18,16,9,7,2,65,99
2022-08-19,28,18,7,3,83,139
2022-08-20,19,18,2,1,81,121
2022-08-21,18,17,5,2,67,109
2022-08-22,17,17,6,1,67,108
2022-08-23,21,20,3,2,72,118
2022-08-24,13,16,7,2,58,96
2022-08-25,15,16,6,1,66,104
2022-08-26,25,30,4,1,67,127
2022-08-27,18,29,4,2,59,112
2022-08-28,16,17,3,3,61,100
2022-08-29,16,16,2,2,44,80
2022-08-30,15,21,5,0,63,104
2022-08-31,15,23,4,2,77,121
2022-09-01,21,25,6,3,79,134
2022-09-02,21,17,4,4,86,132
2022-09-03,13,25,8,3,80,129
2022-09-04,24,19,5,1,80,129
2022-09-05,13,16,4,4,82,119
2022-09-06,18,24,3,3,60,108
2022-09-07,18,20,4,1,51,94
2022-09-08,10,16,6,2,49,83
2022-09-09,14,13,4,1,38,70
2022-09-10,7,12,1,1,43,64
2022-09-11,11,14,2,2,77,106
2022-09-12,14,13,1,3,62,93
2022-09-13,18,19,4,1,80,122
2022-09-14,21,26,15,3,66,131
2022-09-15,19,22,6,2,53,102
2022-09-16,19,20,5,1,86,131
2022-09-17,17,14,2,3,66,102
2022-09-18,14,26,1,0,55,96
2022-09-19,10,15,2,1,44,72
2022-09-20,18,19,6,3,64,110
2022-09-21,11,12,4,1,42,70
2022-09-22,18,13,5,1,73,110
2022-09-23,14,15,2,0,60,91
2022-09-24,9,20,6,4,45,84
2022-09-25,19,18,6,2,76,121
2022-09-26,22,31,4,0,71,128
2022-09-27,16,14,3,0,62,95
2022-09-28,11,15,2,3,55,86
2022-09-29,8,24,3,0,72,107
2022-09-30,14,11,3,0,53,81
2022-10-01,14,17,3,3,68,105
2022-10-02,15,22,5,4,69,115
2022-10-03,14,17,2,3,67,103
2022-10-04,17,17,3,2,72,111
2022-10-05,16,23,4,4,76,123
2022-10-06,17,17,4,2,68,108
2022-10-07,14,15,2,1,60,92
2022-10-08,20,19,4,3,69,115
2022-10-09,22,20,3,0,68,113
2022-10-10,25,20,4,2,62,113
2022-10-11,20,17,5,3,64,109
2022-10-12,16,13,3,4,61,97
2022-10-13,12,15,4,1,66,98
2022-10-14,19,21,6,3,70,119
2022-10-15,20,20,7,2,78,127
2022-10-16,19,16,2,1,77,115
2022-10-17,16,15,6,3,70,110
2022-10-18,10,14,3,2,44,73
2022-10-19,17,16,7,2,67,109
2022-10-20,15,15,4,2,59,95
2022-10-21,20,14,8,4,75,121
2022-10-22,20,21,6,0,77,124
2022-10-23,19,25,7,2,81,134
2022-10-24,14,12,4,2,70,102
2022-10-25,18,19,1,3,57,98
2022-10-26,10,14,5,3,58,90
2022-10-27,21,19,6,3,81,130
2022-10-28,16,25,1,8,88,138
2022-10-29,14,27,1,1,78,121
2022-10-30,18,20,5,1,47,91
2022-10-31,13,14,4,1,60,92
2022-11-01,21,19,1,2,69,112
2022-11-02,17,13,3,3,74,110
2022-11-03,15,17,4,6,59,101
2022-11-04,14,18,1,2,54,89
2022-11-05,12,10,2,4,50,78
2022-11-06,16,20,3,1,56,96
2022-11-07,13,26,3,1,63,106
2022-11-08,11,21,1,2,51,86
2022-11-09,10,7,1,1,35,54
2022-11-10,10,14,5,2,45,76
2022-11-11,12,23,3,2,66,106
2022-11-12,13,25,9,1,57,105
2022-11-13,8,12,5,1,46,72
2022-11-14,12,9,2,3,46,72
2022-11-15,11,10,4,5,54,84
2022-11-16,15,12,5,4,49,85
2022-11-17,25,14,5,1,83,128
2022-11-18,18,15,4,6,67,110
2022-11-19,2,9,1,1,24,37
2022-11-20,12,13,3,3,66,97
2022-11-21,15,10,1,2,46,74
2022-11-22,15,11,2,1,43,72
2022-11-23,14,18,3,4,37,76
2022-11-24,13,8,6,3,51,81
2022-11-25,10,7,5,0,45,67
2022-11-26,4,6,4,2,35,51
2022-11-27,15,15,7,1,66,104
2022-11-28,18,22,4,5,66,115
2022-11-29,23,14,4,4,61,106
2022-11-30,13,14,3,2,64,96
2022-12-01,12,16,3,3,46,80
2022-12-02,10,14,5,3,55,87
2022-12-03,11,11,2,4,58,86
2022-12-04,12,13,5,1,58,89
2022-12-05,18,13,3,1,54,89
2022-12-06,17,17,3,2,37,76
2022-12-07,8,22,3,3,58,94
2022-12-08,9,9,5,3,43,69
2022-12-09,8,15,4,2,35,64
2022-12-10,16,16,3,1,51,87
2022-12-11,12,16,7,2,52,89
2022-12-12,14,18,4,4,51,91
2022-12-13,13,15,1,2,57,88
2022-12-14,12,17,3,4,47,83
2022-12-15,18,10,7,3,63,101
2022-12-16,15,15,2,1,52,85
2022-12-17,12,19,5,1,62,99
2022-12-18,12,25,2,2,69,110
2022-12-19,14,21,1,1,40,77
2022-12-20,11,13,4,1,43,72
2022-12-21,14,15,3,2,57,91
2022-12-22,11,12,6,4,75,108
2022-12-23,15,8,6,3,59,91
2022-12-24,12,14,5,0,39,70
2022-12-25,10,12,4,1,45,72
2022-12-26,15,12,2,1,49,79
2022-12-27,15,11,4,2,39,71
2022-12-28,17,9,4,0,59,89
2022-12-29,13,11,5,1,46,76
2022-12-30,8,8,0,1,36,53
2022-12-31,6,19,2,2,37,66
2023-01-01,12,17,2,7,50,88
2023-01-02,14,18,5,2,60,99
2023-01-03,19,16,3,1,53,92
2023-01-04,20,14,2,2,58,96
2023-01-05,20,15,2,3,51,91
2023-01-06,8,11,2,3,46,70
2023-01-07,15,12,3,3,62,95
2023-01-08,13,16,4,2,51,86
2023-01-09,14,13,5,2,55,89
2023-01-10,13,19,7,1,49,89
2023-01-11,15,10,5,2,37,69
2023-01-12,15,16,2,1,46,80
2023-01-13,13,14,1,0,40,68
2023-01-14,13,15,5,3,55,91
2023-01-15,15,12,6,0,31,64
2023-01-16,12,13,3,1,49,78
2023-01-17,18,9,3,2,53,85
2023-01-18,14,22,0,1,58,95
2023-01-19,14,20,4,5,55,98
2023-01-20,12,18,2,0,57,89
2023-01-21,9,19,4,4,54,90
2023-01-22,16,19,4,2,64,105
2023-01-23,15,14,3,3,55,90
2023-01-24,23,12,6,4,50,95
2023-01-25,25,18,4,1,72,120
2023-01-26,16,16,1,1,60,94
2023-01-27,15,14,3,1,57,90
2023-01-28,18,16,2,1,61,98
2023-01-29,12,15,2,2,54,85
2023-01-30,10,15,2,3,52,82
2023-01-31,21,18,4,0,57,100
2023-02-01,16,9,5,0,61,91
2023-02-02,10,6,1,5,48,70
2023-02-03,6,28,6,1,63,104
2023-02-04,11,20,2,1,63,97
2023-02-05,9,12,5,1,46,73
2023-02-06,14,20,3,1,56,94
2023-02-07,17,19,9,4,68,117
2023-02-08,19,10,4,2,56,91
2023-02-09,17,17,3,2,52,91
2023-02-10,11,14,3,1,41,70
2023-02-11,6,9,3,1,39,58
2023-02-12,15,24,4,3,71,117
2023-02-13,17,11,7,4,75,114
2023-02-14,9,10,3,1,45,68
2023-02-15,16,7,3,1,33,60
2023-02-16,30,26,3,2,87,148
2023-02-17,20,18,7,3,68,116
2023-02-18,12,17,4,1,50,84
2023-02-19,15,16,3,1,47,82
2023-02-20,21,18,5,3,61,108
2023-02-21,21,17,10,5,49,102
2023-02-22,14,20,7,4,81,126
2023-02-23,16,14,3,4,54,91
2023-02-24,19,20,7,2,86,134
2023-02-25,22,24,6,3,62,117
2023-02-26,19,23,7,4,78,131
2023-02-27,15,11,1,2,64,93
2023-02-28,24,15,5,5,56,105
2023-03-01,20,13,5,2,59,99
2023-03-02,14,16,3,2,54,89
2023-03-03,17,12,4,3,53,89
2023-03-04,12,9,5,3,43,72
2023-03-05,11,11,1,4,74,101
2023-03-06,21,29,4,5,67,126
2023-03-07,19,24,6,4,78,131
2023-03-08,23,19,4,4,71,121
2023-03-09,25,26,4,3,65,123
2023-03-10,22,23,3,0,65,113
2023-03-11,24,18,2,4,85,133
2023-03-12,15,22,4,2,71,114
2023-03-13,22,13,5,2,61,103
2023-03-14,18,13,7,1,69,108
2023-03-15,10,11,3,2,51,77
2023-03-16,20,16,3,4,55,98
2023-03-17,18,20,4,0,56,98
2023-03-18,15,18,3,3,65,104
2023-03-19,22,15,6,1,68,112
2023-03-20,16,19,7,2,55,99
2023-03-21,16,11,6,0,44,77
2023-03-22,12,11,6,5,37,71
2023-03-23,13,9,2,1,42,67
2023-03-24,8,8,2,0,31,49
2023-03-25,12,14,5,1,49,81
2023-03-26,13,15,5,0,58,91
2023-03-27,9,5,6,1,43,64
2023-03-28,11,8,1,3,41,64
2023-03-29,15,18,4,4,43,84
2023-03-30,20,24,4,1,64,113
2023-03-31,14,27,6,3,76,126
2023-04-01,24,21,8,4,66,123
2023-04-02,10,9,2,1,55,77
2023-04-03,17,6,3,2,46,74
2023-04-04,13,10,7,5,44,79
2023-04-05,16,15,4,1,57,93
2023-04-06,18,27,6,2,75,128
2023-04-07,18,14,6,3,54,95
2023-04-08,16,16,6,2,67,107
2023-04-09,15,18,3,3,82,121
2023-04-10,13,24,5,2,63,107
2023-04-11,22,22,7,7,63,121
2023-04-12,12,12,6,4,67,101
2023-04-13,20,16,4,0,70,110
2023-04-14,15,14,8,2,65,104
2023-04-15,19,9,5,1,56,90
2023-04-16,13,18,0,3,57,91
2023-04-17,20,13,2,3,56,94
2023-04-18,17,12,8,4,62,103
2023-04-19,11,17,8,4,70,110
2023-04-20,20,28,5,2,102,157
2023-04-21,23,22,6,4,67,122
2023-04-22,33,23,5,1,83,145
2023-04-23,20,19,6,1,63,109
2023-04-24,20,14,3,3,66,106
2023-04-25,19,14,4,3,66,106
2023-04-26,15,9,3,4,52,83
2023-04-27,20,17,3,3,58,101
2023-04-28,23,11,4,3,60,101
2023-04-29,16,14,4,2,71,107
2023-04-30,15,8,3,4,55,85
2023-05-01,15,16,6,3,62,102
2023-05-02,21,17,5,1,58,102
2023-05-03,12,16,3,3,58,92
2023-05-04,12,18,3,4,50,87
2023-05-05,19,17,1,5,55,97
2023-05-06,26,24,7,4,70,131
2023-05-07,25,16,12,3,69,125
2023-05-08,26,21,8,1,70,126
2023-05-09,19,14,3,0,62,98
2023-05-10,20,21,4,4,69,118
2023-05-11,23,20,6,2,83,134
2023-05-12,14,16,4,2,72,108
2023-05-13,22,18,3,4,76,123
2023-05-14,21,22,4,1,70,118
2023-05-15,15,17,4,3,58,97
2023-05-16,11,17,2,3,36,69
2023-05-17,16,19,3,2,61,101
2023-05-18,20,21,5,5,74,125
2023-05-19,23,20,3,2,86,134
2023-05-20,20,14,5,2,91,132
2023-05-21,6,8,0,1,47,62
2023-05-22,21,13,5,6,66,111
2023-05-23,22,11,9,2,59,103
2023-05-24,20,10,1,3,63,97
2023-05-25,18,19,6,0,64,107
2023-05-26,20,21,6,2,69,118
2023-05-27,18,17,2,4,65,106
2023-05-28,17,15,5,1,50,88
2023-05-29,19,23,7,1,68,118
2023-05-30,17,12,2,1,64,96
2023-05-31,27,12,6,5,74,124
2023-06-01,19,6,6,1,66,98
2023-06-02,14,26,7,0,53,100
2023-06-03,6,8,4,0,27,45
2023-06-04,12,16,4,0,70,102
2023-06-05,24,28,8,1,78,139
2023-06-06,23,23,4,3,62,115
2023-06-07,11,17,1,2,62,93
2023-06-08,19,18,4,2,64,107
2023-06-09,18,21,6,4,80,129
2023-06-10,22,17,4,0,65,108
2023-06-11,13,24,4,1,68,110
2023-06-12,9,15,6,2,37,69
2023-06-13,10,8,7,1,33,59
2023-06-14,19,11,3,7,43,83
2023-06-15,19,13,3,1,61,97
2023-06-16,12,13,1,1,65,92
2023-06-17,16,19,3,0,68,106
2023-06-18,18,20,4,1,69,112
2023-06-19,14,19,9,4,61,107
2023-06-20,15,20,8,2,57,102
2023-06-21,18,16,6,5,70,115
2023-06-22,24,16,7,3,65,115
2023-06-23,17,12,5,2,54,90
2023-06-24,22,19,6,1,86,134
2023-06-25,23,12,5,3,55,98
2023-06-26,17,13,3,2,60,95
2023-06-27,24,19,2,5,60,110
2023-06-28,20,19,1,6,73,119
2023-06-29,20,17,8,1,75,121
2023-06-30,18,18,4,3,59,102
2023-07-01,14,17,8,1,70,110
2023-07-02,17,15,9,0,73,114
2023-07-03,13,14,4,4,59,94
2023-07-04,16,15,5,1,56,93
2023-07-05,18,19,8,4,97,146
2023-07-06,16,15,0,3,57,91
2023-07-07,13,16,7,3,71,110
2023-07-08,9,11,9,0,47,76
2023-07-09,16,7,4,0,62,89
2023-07-10,24,15,6,0,79,124
2023-07-11,14,23,9,1,74,121
2023-07-12,10,13,7,2,42,74
2023-07-13,24,22,5,3,81,135
2023-07-14,19,24,5,2,80,130
2023-07-15,17,19,3,2,74,115
2023-07-16,12,11,5,1,63,92
2023-07-17,23,18,6,2,67,116
2023-07-18,14,16,3,1,57,91
2023-07-19,11,10,2,3,37,63
2023-07-20,24,19,5,3,88,139
2023-07-21,20,14,9,1,77,121
2023-07-22,11,17,4,1,60,93
2023-07-23,24,13,4,3,60,104
2023-07-24,13,18,2,0,71,104
2023-07-25,13,11,2,3,50,79
2023-07-26,12,14,5,1,43,75
2023-07-27,15,14,3,4,46,82
2023-07-28,13,12,4,1,51,81
2023-07-29,9,16,2,2,30,59
2023-07-30,15,19,4,3,65,106
2023-07-31,20,25,2,2,93,142
2023-08-01,15,11,2,0,72,100
2023-08-02,14,16,3,3,66,102
2023-08-03,28,20,4,3,69,124
2023-08-04,23,18,2,3,73,119
2023-08-05,20,15,5,2,48,90
2023-08-06,15,16,4,1,59,95
2023-08-07,12,22,3,1,56,94
2023-08-08,21,14,11,4,65,115
2023-08-09,13,19,5,1,52,90
2023-08-10,27,17,6,1,73,124
2023-08-11,27,19,8,1,83,138
2023-08-12,18,19,3,3,89,132
2023-08-13,24,24,9,3,79,139
2023-08-14,30,19,3,3,76,131
2023-08-15,21,13,2,2,50,88
2023-08-16,18,22,9,4,68,121
2023-08-17,16,15,2,1,66,100
2023-08-18,17,21,9,3,74,124
2023-08-19,17,20,7,4,77,125
2023-08-20,28,18,3,2,74,125
2023-08-21,20,9,4,3,57,93
2023-08-22,21,13,3,4,74,115
2023-08-23,15,16,2,7,52,92
2023-08-24,11,4,0,0,29,44
2023-08-25,26,22,6,1,58,113
2023-08-26,15,12,7,3,65,102
2023-08-27,23,20,8,1,59,111
2023-08-28,30,20,3,2,74,129
2023-08-29,27,11,4,1,79,122
2023-08-30,16,17,7,1,53,94
2023-08-31,13,13,5,1,44,76
2023-09-01,11,14,3,2,35,65
2023-09-02,8,14,2,2,30,56
2023-09-03,12,16,4,3,67,102
2023-09-04,6,12,4,0,62,84
2023-09-05,26,18,8,0,73,125
2023-09-06,23,16,10,1,82,132
2023-09-07,19,19,7,8,77,130
2023-09-08,20,16,6,1,80,123
2023-09-09,13,12,2,3,62,92
2023-09-10,16,12,1,2,56,87
2023-09-11,27,24,6,1,53,111
2023-09-12,12,19,6,2,46,85
2023-09-13,20,21,4,3,79,127
2023-09-14,20,19,4,4,94,141
2023-09-15,18,18,3,1,59,99
2023-09-16,18,17,5,5,52,97
2023-09-17,14,14,5,2,53,88
2023-09-18,19,20,3,4,77,123
2023-09-19,21,23,2,2,73,121
2023-09-20,27,18,5,1,73,124
2023-09-21,18,21,5,4,62,110
2023-09-22,8,9,2,4,49,72
2023-09-23,12,14,5,2,51,84
2023-09-24,19,10,0,0,55,84
2023-09-25,16,10,5,2,58,91
2023-09-26,13,9,6,2,57,87
2023-09-27,22,26,6,5,76,135
2023-09-28,21,20,4,2,60,107
2023-09-29,23,18,11,3,84,139
2023-09-30,15,20,11,3,61,110
2023-10-01,17,24,5,2,75,123
2023-10-02,15,15,2,3,48,83
2023-10-03,16,13,4,3,63,99
2023-10-04,15,9,4,2,57,87
2023-10-05,22,16,8,3,82,131
2023-10-06,18,15,10,3,91,137
2023-10-07,19,20,9,1,58,107
2023-10-08,15,15,5,5,84,124
2023-10-09,21,22,5,2,74,124
2023-10-10,14,11,2,0,45,72
2023-10-11,14,16,5,4,56,95
2023-10-12,12,20,3,0,48,83
2023-10-13,24,6,10,3,60,103
2023-10-14,24,12,10,3,63,112
2023-10-15,18,16,7,4,69,114
2023-10-16,25,23,1,1,55,105
2023-10-17,14,13,2,2,49,80
2023-10-18,6,10,1,1,38,56
2023-10-19,20,20,5,2,59,106
2023-10-20,22,18,5,1,74,120
2023-10-21,13,21,6,3,61,104
2023-10-22,19,17,5,4,41,86
2023-10-23,15,15,6,1,57,94
2023-10-24,19,13,6,3,57,98
2023-10-25,21,13,6,6,55,101
2023-10-26,13,9,4,2,41,69
2023-10-27,12,22,2,4,47,87
2023-10-28,8,19,4,5,39,75
2023-10-29,11,13,5,2,34,65
2023-10-30,16,26,3,3,84,132
2023-10-31,17,24,2,3,68,114
2023-11-01,18,13,6,2,72,111
2023-11-02,15,12,2,3,52,84
2023-11-03,13,12,4,1,56,86
2023-11-04,10,13,6,0,22,51
2023-11-05,8,16,5,1,46,76
2023-11-06,8,5,3,0,29,45
2023-11-07,13,9,2,1,32,57
2023-11-08,8,16,4,2,46,76
2023-11-09,9,7,4,4,41,65
2023-11-10,19,19,4,2,59,103
2023-11-11,13,19,5,3,81,121
2023-11-12,15,22,7,3,77,124
2023-11-13,19,21,6,3,77,126
2023-11-14,18,14,4,3,74,113
2023-11-15,9,17,3,1,48,78
2023-11-16,11,17,2,4,38,72
2023-11-17,15,18,1,0,48,82
2023-11-18,12,14,7,0,56,89
2023-11-19,11,17,4,4,34,70
2023-11-20,10,14,1,2,49,76
2023-11-21,10,12,3,3,49,77
2023-11-22,9,15,1,2,43,70
2023-11-23,11,7,3,1,28,50
2023-11-24,11,17,3,2,52,85
2023-11-25,12,11,4,0,44,71
2023-11-26,8,8,2,0,52,70
2023-11-27,10,8,4,2,39,63
2023-11-28,13,11,3,1,47,75
2023-11-29,15,16,3,3,48,85
2023-11-30,7,10,1,1,47,66
2023-12-01,12,7,2,3,34,58
2023-12-02,8,8,2,2,32,52
2023-12-03,13,21,6,1,68,109
2023-12-04,10,25,5,4,61,105
2023-12-05,16,11,6,4,63,100
2023-12-06,22,5,5,3,61,96
2023-12-07,18,17,2,3,57,97
2023-12-08,8,9,2,0,30,49
2023-12-09,10,9,2,1,39,61
2023-12-10,9,21,3,3,56,92
2023-12-11,15,11,3,1,52,82
2023-12-12,10,16,3,3,58,90
2023-12-13,9,17,5,3,41,75
2023-12-14,11,13,6,5,41,76
2023-12-15,13,11,2,2,53,81
2023-12-16,10,10,2,1,26,49
2023-12-17,9,10,4,3,36,62
2023-12-18,14,8,4,3,42,71
2023-12-19,9,14,2,3,39,67
2023-12-20,9,22,4,2,56,93
2023-12-21,16,18,5,3,38,80
2023-12-22,12,13,8,0,35,68
2023-12-23,12,10,5,3,64,94
2023-12-24,11,18,7,2,47,85
2023-12-25,9,15,9,2,58,93
2023-12-26,7,8,3,1,45,64
2023-12-27,19,15,2,1,58,95
2023-12-28,18,13,4,2,64,101
2023-12-29,10,10,4,1,36,61
2023-12-30,9,13,3,1,36,62
2023-12-31,14,11,0,0,50,75
2024-01-01,5,14,2,3,52,76
2024-01-02,10,14,4,5,57,90
2024-01-03,17,17,5,3,44,86
2024-01-04,10,19,6,3,52,90
2024-01-05,11,15,7,2,63,98
2024-01-06,16,14,3,2,57,92
2024-01-07,13,13,4,1,49,80
2024-01-08,10,15,5,3,49,82
2024-01-09,5,10,2,1,40,58
2024-01-10,12,12,2,2,44,72
2024-01-11,10,9,7,3,62,91
2024-01-12,9,13,5,3,58,88
2024-01-13,14,12,6,0,52,84
2024-01-14,14,17,6,1,61,99
2024-01-15,16,21,6,3,80,126
2024-01-16,20,13,5,4,64,106
2024-01-17,21,9,5,4,55,94
2024-01-18,12,10,4,2,49,77
2024-01-19,15,17,4,3,44,83
2024-01-20,18,23,4,2,59,106
2024-01-21,13,13,2,3,56,87
2024-01-22,18,13,5,4,52,92
2024-01-23,20,24,6,4,57,111
2024-01-24,17,14,8,4,64,107
2024-01-25,12,6,5,2,39,64
2024-01-26,17,10,8,3,61,99
2024-01-27,10,17,4,2,47,80
2024-01-28,17,19,12,5,44,97
2024-01-29,12,21,4,2,40,79
2024-01-30,11,15,4,2,43,75
2024-01-31,14,15,0,3,58,90
2024-02-01,18,15,4,3,55,95
2024-02-02,11,17,3,3,44,78
2024-02-03,19,17,3,1,38,78
2024-02-04,17,18,3,0,40,78
2024-02-05,10,13,3,2,51,79
2024-02-06,14,14,1,2,31,62
2024-02-07,18,17,4,1,54,94
2024-02-08,16,15,3,2,58,94
2024-02-09,20,15,2,3,44,84
2024-02-10,15,18,3,1,56,93
2024-02-11,13,17,3,2,57,92
2024-02-12,13,14,6,1,56,90
2024-02-13,14,13,6,3,46,82
2024-02-14,16,7,5,2,54,84
2024-02-15,17,18,4,3,62,104
2024-02-16,13,19,2,2,65,101
2024-02-17,11,7,4,0,38,60
2024-02-18,17,11,0,4,44,76
2024-02-19,15,6,5,2,44,72
2024-02-20,6,17,3,2,42,70
2024-02-21,10,18,4,1,48,81
2024-02-22,11,9,2,3,38,63
2024-02-23,16,13,4,2,36,71
2024-02-24,14,15,2,1,58,90
2024-02-25,12,9,1,2,44,68
2024-02-26,16,20,2,2,53,93
2024-02-27,8,13,4,2,49,76
2024-02-28,16,20,3,2,52,93
2024-02-29,23,15,5,0,45,88
2024-03-01,24,16,0,2,48,90
2024-03-02,14,13,4,4,42,77
2024-03-03,15,18,7,5,69,114
2024-03-04,12,12,4,3,72,103
2024-03-05,14,9,5,2,53,83
2024-03-06,9,12,2,2,35,60
2024-03-07,15,16,6,3,50,90
2024-03-08,19,18,6,2,67,112
2024-03-09,11,10,2,3,43,69
2024-03-10,17,13,4,1,45,80
2024-03-11,16,22,3,2,69,112
2024-03-12,19,18,7,6,79,129
2024-03-13,20,13,5,4,52,94
2024-03-14,10,11,2,1,45,69
2024-03-15,17,23,5,4,70,119
2024-03-16,28,23,9,2,89,151
2024-03-17,18,21,8,2,82,131
2024-03-18,24,26,7,2,69,128
2024-03-19,23,16,6,7,53,105
2024-03-20,18,17,4,4,60,103
2024-03-21,19,16,2,3,62,102
2024-03-22,21,20,4,2,70,117
2024-03-23,15,29,8,4,64,120
2024-03-24,20,20,5,1,69,115
2024-03-25,15,22,6,2,65,110
2024-03-26,22,12,4,2,57,97
2024-03-27,18,13,6,7,65,109
2024-03-28,16,13,7,2,65,103
2024-03-29,13,16,5,1,80,115
2024-03-30,18,21,7,1,65,112
2024-03-31,17,18,4,3,85,127
2024-04-01,18,16,5,4,69,112
2024-04-02,13,23,2,6,54,98
2024-04-03,19,16,6,1,59,101
2024-04-04,13,6,6,2,58,85
2024-04-05,12,15,7,3,53,90
2024-04-06,20,32,3,2,77,134
2024-04-07,21,17,4,1,57,100
2024-04-08,20,22,9,7,77,135
2024-04-09,13,14,9,3,70,109
2024-04-10,20,22,4,1,76,123
2024-04-11,18,19,6,5,73,121
2024-04-12,23,10,4,2,45,84
2024-04-13,19,18,2,1,75,115
2024-04-14,16,21,5,3,76,121
2024-04-15,10,22,6,6,65,109
2024-04-16,14,15,3,7,55,94
2024-04-17,13,13,4,1,50,81
2024-04-18,10,18,0,4,62,94
2024-04-19,12,12,1,1,49,75
2024-04-20,18,22,6,0,76,122
2024-04-21,21,18,6,1,77,123
2024-04-22,8,19,7,3,71,108
2024-04-23,20,25,8,2,84,139
2024-04-24,22,15,4,3,62,106
2024-04-25,15,14,4,4,46,83
2024-04-26,24,20,1,3,61,109
2024-04-27,19,19,1,3,79,121
2024-04-28,6,17,2,3,53,81
2024-04-29,18,19,3,3,54,97
2024-04-30,26,26,5,6,83,146
2024-05-01,16,17,2,5,57,97
2024-05-02,17,14,4,0,48,83
2024-05-03,18,14,3,2,57,94
2024-05-04,12,13,6,3,74,108
2024-05-05,21,16,3,2,76,118
2024-05-06,27,14,9,1,74,125
2024-05-07,18,21,6,5,78,128
2024-05-08,16,19,3,4,51,93
2024-05-09,15,25,9,1,72,122
2024-05-10,16,22,4,6,52,100
2024-05-11,16,17,8,3,58,102
2024-05-12,23,23,7,1,68,122
2024-05-13,21,24,7,3,92,147
2024-05-14,17,19,7,2,66,111
2024-05-15,25,21,9,5,79,139
2024-05-16,20,22,5,7,79,133
2024-05-17,16,22,3,2,73,116
2024-05-18,15,14,3,2,41,75
2024-05-19,19,22,3,3,72,119
2024-05-20,18,13,2,3,49,85
2024-05-21,20,20,5,2,76,123
2024-05-22,18,26,6,0,68,118
2024-05-23,20,19,6,4,80,129
2024-05-24,16,24,6,3,59,108
2024-05-25,19,15,7,1,59,101
2024-05-26,26,18,4,3,85,136
2024-05-27,22,19,6,3,81,131
2024-05-28,21,23,7,6,83,140
2024-05-29,19,21,10,5,74,129
2024-05-30,14,13,8,3,50,88
2024-05-31,13,18,8,6,64,109
2024-06-01,16,14,2,1,54,87
2024-06-02,20,22,4,2,94,142
2024-06-03,19,22,5,3,78,127
2024-06-04,25,17,6,4,79,131
2024-06-05,23,13,4,3,55,98
2024-06-06,19,18,5,5,49,96
2024-06-07,15,15,4,1,52,87
2024-06-08,13,10,2,2,57,84
2024-06-09,13,12,2,1,48,76
2024-06-10,27,27,6,2,73,135
2024-06-11,11,20,5,3,54,93
2024-06-12,21,12,8,4,46,91
2024-06-13,31,17,5,5,48,106
2024-06-14,20,23,4,6,68,121
2024-06-15,16,27,9,6,76,134
2024-06-16,17,20,10,4,73,124
2024-06-17,19,15,4,3,75,116
2024-06-18,29,12,5,4,49,99
2024-06-19,24,26,3,3,81,137
2024-06-20,11,23,2,4,53,93
2024-06-21,14,12,3,6,62,97
2024-06-22,21,24,5,3,70,123
2024-06-23,28,21,3,3,67,122
2024-06-24,24,29,3,3,76,135
2024-06-25,14,19,2,3,67,105
2024-06-26,20,24,4,4,73,125
2024-06-27,22,18,7,3,90,140
2024-06-28,22,9,8,4,76,119
2024-06-29,13,14,1,1,49,78
2024-06-30,15,12,6,1,61,95
2024-07-01,23,14,4,2,45,88
2024-07-02,14,14,2,3,47,80
2024-07-03,20,23,4,4,77,128
2024-07-04,18,15,9,2,89,133
2024-07-05,19,20,6,3,66,114
2024-07-06,26,20,7,5,73,131
2024-07-07,21,11,6,4,85,127
2024-07-08,29,15,4,2,79,129
2024-07-09,33,21,5,7,91,157
2024-07-10,27,13,6,6,75,127
2024-07-11,27,28,8,4,80,147
2024-07-12,24,19,9,4,74,130
2024-07-13,24,23,10,3,72,132
2024-07-14,21,18,8,4,82,133
2024-07-15,13,18,10,3,81,125
2024-07-16,21,19,9,6,84,139
2024-07-17,19,27,10,5,78,139
2024-07-18,11,9,8,1,40,69
2024-07-19,17,13,5,0,62,97
2024-07-20,21,20,4,2,66,113
2024-07-21,19,20,6,3,73,121
2024-07-22,17,13,6,0,54,90
2024-07-23,19,17,2,1,54,93
2024-07-24,16,10,4,4,51,85
2024-07-25,15,16,5,6,71,113
2024-07-26,18,11,6,5,58,98
2024-07-27,18,7,3,7,67,102
2024-07-28,22,19,4,2,64,111
2024-07-29,19,19,6,4,78,126
2024-07-30,21,23,5,3,68,120
2024-07-31,20,13,5,3,76,117
2024-08-01,20,16,7,7,61,111
2024-08-02,9,13,2,2,59,85
2024-08-03,18,18,4,3,50,93
2024-08-04,23,16,6,6,68,119
2024-08-05,22,20,5,3,58,108
2024-08-06,13,10,3,3,50,79
2024-08-07,10,9,1,2,39,61
2024-08-08,17,13,1,4,66,101
2024-08-09,13,22,7,3,65,110
2024-08-10,20,19,7,1,51,98
2024-08-11,25,22,3,2,70,122
2024-08-12,14,20,7,4,78,123
2024-08-13,13,11,7,2,47,80
2024-08-14,16,10,5,1,40,72
2024-08-15,12,1,1,3,30,47
2024-08-16,16,12,6,2,39,75
2024-08-17,9,15,2,2,48,76
2024-08-18,14,7,0,1,45,67
2024-08-19,17,13,3,1,42,76
2024-08-20,18,13,1,0,39,71
2024-08-21,15,13,6,1,47,82
2024-08-22,25,16,7,3,49,100
2024-08-23,27,17,4,6,46,100
2024-08-24,17,13,3,1,66,100
2024-08-25,16,21,8,4,69,118
2024-08-26,21,22,10,5,80,138
2024-08-27,24,7,3,2,67,103
2024-08-28,13,16,2,3,50,84
2024-08-29,18,14,2,3,64,101
2024-08-30,17,20,2,2,57,98
2024-08-31,15,19,7,1,64,106
2024-09-01,26,15,4,3,53,101
2024-09-02,18,19,4,5,67,113
2024-09-03,23,13,7,5,67,115
2024-09-04,19,17,3,3,70,112
2024-09-05,20,15,2,2,65,104
2024-09-06,27,17,5,4,70,123
2024-09-07,8,10,3,3,55,79
2024-09-08,15,16,0,1,36,68
2024-09-09,16,15,4,4,61,100
2024-09-10,24,24,10,4,76,138
2024-09-11,18,21,10,4,71,124
2024-09-12,20,25,4,2,64,115
2024-09-13,20,21,3,4,58,106
2024-09-14,20,19,4,3,62,108
2024-09-15,13,7,7,4,33,64
2024-09-16,21,15,7,2,61,106
2024-09-17,20,13,10,4,46,93
2024-09-18,19,19,6,2,56,102
2024-09-19,16,12,6,3,66,103
2024-09-20,17,12,4,3,60,96
2024-09-21,16,15,10,2,61,104
2024-09-22,17,16,9,3,53,98
2024-09-23,13,7,3,3,54,80
2024-09-24,15,10,4,6,56,91
2024-09-25,11,11,4,1,40,67
2024-09-26,16,13,5,3,50,87
2024-09-27,25,16,8,6,43,98
2024-09-28,20,17,5,3,44,89
2024-09-29,18,22,3,0,52,95
2024-09-30,11,8,1,0,40,60
2024-10-01,14,19,3,2,45,83
2024-10-02,27,20,7,6,59,119
2024-10-03,20,17,7,7,68,119
2024-10-04,20,13,4,1,58,96
2024-10-05,14,13,0,5,48,80
2024-10-06,11,6,5,1,34,57
2024-10-07,15,19,5,2,63,104
2024-10-08,24,16,11,5,65,121
2024-10-09,19,16,8,3,44,90
2024-10-10,18,19,4,2,47,90
2024-10-11,17,10,5,2,52,86
2024-10-12,23,13,4,4,50,94
2024-10-13,14,8,1,5,41,69
2024-10-14,18,14,4,3,50,89
2024-10-15,16,11,3,6,48,84
2024-10-16,17,9,6,1,52,85
2024-10-17,20,10,10,5,56,101
2024-10-18,14,13,6,1,52,86
2024-10-19,29,15,4,3,67,118
2024-10-20,27,24,3,5,63,122
2024-10-21,17,12,4,4,55,92
2024-10-22,17,10,1,5,46,79
2024-10-23,19,11,3,4,43,80
2024-10-24,10,6,1,4,40,61
2024-10-25,19,16,5,5,68,113
2024-10-26,27,8,9,6,46,96
2024-10-27,23,17,3,5,61,109
2024-10-28,14,14,4,1,48,81
2024-10-29,16,12,6,6,42,82
2024-10-30,17,15,3,4,45,84
2024-10-31,11,10,2,0,29,52
2024-11-01,22,11,8,0,55,96
2024-11-02,14,14,7,3,51,89
2024-11-03,11,17,4,3,59,94
2024-11-04,21,13,9,5,53,101
2024-11-05,14,10,4,6,44,78
2024-11-06,25,17,3,2,61,108
2024-11-07,23,18,3,2,52,98
2024-11-08,20,13,2,1,36,72
2024-11-09,17,8,1,2,49,77
2024-11-10,21,13,6,2,50,92
2024-11-11,19,10,2,7,61,99
2024-11-12,15,19,5,5,59,103
2024-11-13,14,11,5,3,34,67
2024-11-14,18,10,7,5,45,85
2024-11-15,12,15,4,1,39,71
2024-11-16,14,11,3,0,32,60
2024-11-17,22,14,1,3,36,76
2024-11-18,21,16,6,4,54,101
2024-11-19,11,8,10,3,37,69
2024-11-20,12,12,3,3,39,69
2024-11-21,10,16,1,0,32,59
2024-11-22,23,16,5,4,43,91
2024-11-23,9,14,4,2,48,77
2024-11-24,13,9,4,1,33,60
2024-11-25,12,11,3,7,38,71
2024-11-26,11,12,6,3,32,64
2024-11-27,10,8,2,2,34,56
2024-11-28,11,13,2,2,41,69
2024-11-29,14,9,3,1,50,77
2024-11-30,18,13,4,0,32,67
2024-12-01,9,12,6,2,39,68
2024-12-02,11,14,3,3,47,78
2024-12-03,15,10,3,1,21,50
2024-12-04,16,11,2,1,40,70
2024-12-05,8,11,3,2,30,54
2024-12-06,7,10,3,5,25,50
2024-12-07,8,11,3,1,33,56
2024-12-08,10,7,1,0,26,44
2024-12-09,13,12,5,1,32,63
2024-12-10,9,9,5,4,36,63
2024-12-11,13,9,7,3,39,71
2024-12-12,15,17,5,2,51,90
2024-12-13,9,12,4,2,34,61
2024-12-14,11,9,4,0,34,58
2024-12-15,14,14,8,0,41,77
2024-12-16,13,10,3,3,49,78
2024-12-17,17,9,4,2,38,70
2024-12-18,7,6,0,3,21,37
2024-12-19,15,6,0,4,42,67
2024-12-20,14,7,2,4,54,81
2024-12-21,16,11,1,1,38,67
2024-12-22,15,14,3,2,38,72
2024-12-23,10,7,7,2,34,60
2024-12-24,12,12,5,2,31,62
2024-12-25,15,16,5,8,31,75
2024-12-26,10,10,1,5,35,61
2024-12-27,14,13,1,2,38,68
2024-12-28,23,13,3,2,45,86
2024-12-29,14,6,3,0,45,68
2024-12-30,16,11,5,4,27,63
2024-12-31,15,16,5,0,35,71
2025-01-01,20,12,2,3,51,88
2025-01-02,13,9,2,5,26,55
2025-01-03,18,9,7,3,45,82
2025-01-04,18,14,5,2,48,87
2025-01-05,13,8,4,1,45,71
2025-01-06,14,14,5,2,32,67
2025-01-07,17,14,3,4,40,78
2025-01-08,21,14,2,3,36,76
2025-01-09,15,13,5,1,45,79
2025-01-10,17,15,3,0,50,85
2025-01-11,18,14,2,1,57,92
2025-01-12,19,13,4,6,64,106
2025-01-13,14,13,7,2,45,81
2025-01-14,15,13,9,6,38,81
2025-01-15,18,16,4,4,37,79
2025-01-16,21,8,5,3,51,88
2025-01-17,19,13,1,5,53,91
2025-01-18,18,12,4,4,51,89
2025-01-19,21,14,4,4,41,84
2025-01-20,21,12,3,3,49,88
2025-01-21,13,19,5,4,47,88
2025-01-22,13,13,3,1,45,75
2025-01-23,15,13,4,0,49,81
2025-01-24,20,20,0,3,42,85
2025-01-25,16,18,3,3,59,99
2025-01-26,16,5,5,4,68,98
2025-01-27,21,16,2,0,47,86
2025-01-28,15,7,1,6,44,73
2025-01-29,23,14,4,3,54,98
2025-01-30,18,19,2,5,53,97
2025-01-31,23,7,5,2,50,87
2025-02-01,15,17,4,0,39,75
2025-02-02,12,10,3,1,50,76
2025-02-03,18,14,6,0,53,91
2025-02-04,16,17,4,4,55,96
2025-02-05,17,10,4,4,47,82
2025-02-06,20,17,8,5,40,90
2025-02-07,14,12,7,2,33,68
2025-02-08,14,18,5,1,42,80
2025-02-09,17,13,6,2,57,95
2025-02-10,5,14,4,4,57,84
2025-02-11,20,14,8,7,61,110
2025-02-12,21,23,6,7,68,125
2025-02-13,35,31,7,6,72,151
2025-02-14,16,11,6,3,56,92
2025-02-15,17,14,2,3,49,85
2025-02-16,11,14,4,3,43,75
2025-02-17,19,10,5,3,43,80
2025-02-18,21,10,5,3,34,73
2025-02-19,24,7,6,0,58,95
2025-02-20,17,6,6,1,57,87
2025-02-21,21,13,2,4,47,87
2025-02-22,21,18,8,0,53,100
2025-02-23,17,13,8,2,33,73
2025-02-24,12,10,1,3,43,69
2025-02-25,13,11,2,1,44,71
2025-02-26,12,10,3,2,28,55
2025-02-27,13,15,6,3,43,80
2025-02-28,10,13,4,0,46,73
2025-03-01,11,14,5,3,42,75
2025-03-02,12,15,4,1,42,74
2025-03-03,12,9,1,0,61,83
2025-03-04,16,14,5,4,51,90
2025-03-05,23,19,3,1,54,100
2025-03-06,23,11,2,7,85,128
2025-03-07,14,9,7,1,66,97
2025-03-08,13,10,5,2,59,89
2025-03-09,14,9,6,1,44,74
2025-03-10,24,7,6,3,51,91
2025-03-11,15,11,3,3,33,65
2025-03-12,21,9,4,1,52,87
2025-03-13,24,18,4,2,50,98
2025-03-14,17,21,3,2,41,84
2025-03-15,22,12,8,1,58,101
2025-03-16,26,15,15,4,71,131
2025-03-17,17,20,14,0,48,99
2025-03-18,24,14,6,3,57,104
2025-03-19,22,11,4,4,50,91
2025-03-20,15,16,3,0,63,97
2025-03-21,19,13,8,4,62,106
2025-03-22,15,6,6,0,44,71
2025-03-23,21,17,7,3,50,98
2025-03-24,17,17,1,5,49,89
2025-03-25,10,11,2,6,44,73
2025-03-26,19,14,2,1,31,67
2025-03-27,25,18,3,1,41,88
2025-03-28,32,24,6,0,73,135
2025-03-29,25,21,5,2,90,143
2025-03-30,18,15,4,5,84,126
2025-03-31,18,14,5,9,57,103
2025-04-01,36,19,3,10,73,141
2025-04-02,15,19,6,11,53,104
2025-04-03,14,8,1,4,58,85
2025-04-04,23,23,7,4,76,133
2025-04-05,24,20,4,3,55,106
2025-04-06,29,16,10,3,68,126
2025-04-07,22,13,7,5,67,114
2025-04-08,15,17,3,7,76,118
2025-04-09,23,26,7,4,74,134
2025-04-10,25,21,8,2,67,123
2025-04-11,29,21,6,5,69,130
2025-04-12,24,22,5,4,61,116
2025-04-13,25,17,4,3,71,120
2025-04-14,22,14,9,5,59,109
2025-04-15,10,11,4,3,32,60
2025-04-16,28,14,6,0,71,119
2025-04-17,18,10,5,1,35,69
2025-04-18,10,9,3,4,21,47
2025-04-19,17,12,1,3,36,69
2025-04-20,27,9,3,2,58,99
2025-04-21,23,17,6,4,74,124
2025-04-22,37,27,8,6,76,154
2025-04-23,19,15,5,4,61,104
2025-04-24,24,17,7,5,57,110
2025-04-25,11,11,3,3,44,72
2025-04-26,22,16,5,6,90,139
2025-04-27,21,19,3,0,68,111
2025-04-28,15,15,2,2,53,87
2025-04-29,18,20,2,2,48,90
2025-04-30,19,22,4,3,50,98
2025-05-01,21,20,3,5,75,124
2025-05-02,27,11,5,4,72,119
2025-05-03,18,10,6,4,50,88
2025-05-04,18,15,4,3,58,98
2025-05-05,27,18,6,1,75,127
2025-05-06,31,23,7,4,68,133
2025-05-07,20,11,5,5,44,85
2025-05-08,7,3,2,2,27,41
2025-05-09,18,16,4,4,62,104
2025-05-10,13,11,8,2,50,84
2025-05-11,19,14,6,1,65,105
2025-05-12,24,24,7,2,82,139
2025-05-13,18,24,9,4,71,126
2025-05-14,21,18,7,4,72,122
2025-05-15,25,8,7,3,52,95
2025-05-16,19,22,11,2,59,113
2025-05-17,31,18,7,5,67,128
2025-05-18,24,16,6,2,70,118
2025-05-19,18,14,7,3,54,96
2025-05-20,22,21,5,6,71,125
2025-05-21,24,16,6,4,61,111
2025-05-22,24,17,4,6,69,120
2025-05-23,15,19,7,4,60,105
2025-05-24,28,18,10,3,61,120
2025-05-25,24,18,5,1,57,105
2025-05-26,31,26,6,3,56,122
2025-05-27,33,15,6,3,56,113
2025-05-28,21,15,9,2,63,110
2025-05-29,20,19,8,4,85,136
2025-05-30,16,18,9,4,86,133
2025-05-31,27,22,5,5,68,127
2025-06-01,34,17,10,3,69,133
2025-06-02,25,18,8,1,57,109
2025-06-03,17,19,8,4,60,108
2025-06-04,29,8,8,6,82,133
2025-06-05,20,16,4,2,65,107
2025-06-06,14,15,4,4,59,96
2025-06-07,14,17,9,3,53,96
2025-06-08,23,26,9,1,69,128
2025-06-09,28,21,3,1,58,111
2025-06-10,28,17,4,3,52,104
2025-06-11,17,20,6,3,52,98
2025-06-12,16,11,5,2,60,94
2025-06-13,7,14,6,4,45,76
2025-06-14,20,21,3,4,56,104
2025-06-15,21,21,3,5,74,124
2025-06-16,11,7,2,3,29,52
2025-06-17,21,12,4,1,49,87
2025-06-18,22,21,9,3,63,118
2025-06-19,26,15,3,4,60,108
2025-06-20,29,13,6,3,54,105
2025-06-21,21,9,4,5,49,88
2025-06-22,18,12,4,4,51,89
2025-06-23,20,18,6,4,44,92
2025-06-24,17,12,3,1,42,75
2025-06-25,11,9,1,0,42,63
2025-06-26,24,8,3,2,44,81
2025-06-27,22,12,7,3,51,95
2025-06-28,20,14,9,2,44,89
2025-06-29,23,19,9,7,72,130
2025-06-30,22,16,12,3,60,113
2025-07-01,24,17,9,2,48,100
2025-07-02,15,15,5,3,48,86
2025-07-03,11,15,4,5,41,76
2025-07-04,20,14,7,1,66,108
2025-07-05,13,9,5,1,51,79
2025-07-06,16,15,7,2,47,87
2025-07-07,15,10,7,2,37,71
2025-07-08,19,17,8,3,47,94
2025-07-09,18,16,4,6,71,115
2025-07-10,21,15,3,2,58,99
2025-07-11,11,9,2,3,50,75
2025-07-12,27,21,1,3,67,119
2025-07-13,21,16,3,1,54,95
2025-07-14,24,18,5,5,63,115
2025-07-15,34,20,5,4,68,131
2025-07-16,20,30,4,4,74,132
2025-07-17,19,21,5,5,58,108
2025-07-18,24,17,6,1,57,105
2025-07-19,22,13,5,2,64,106
2025-07-20,28,18,7,3,80,136
2025-07-21,17,17,7,3,53,97
2025-07-22,25,13,10,5,38,91
2025-07-23,19,24,8,6,68,125
2025-07-24,20,22,3,4,58,107
2025-07-25,18,10,4,4,57,93
2025-07-26,17,9,4,4,59,93
2025-07-27,17,18,8,6,68,117
2025-07-28,22,14,8,4,69,117
2025-07-29,25,12,7,6,66,116
2025-07-30,20,11,5,7,59,102
2025-07-31,26,19,8,3,69,125
2025-08-01,15,5,0,2,48,70
2025-08-02,20,19,5,5,66,115
2025-08-03,16,21,4,2,53,96
2025-08-04,9,10,1,3,29,52
2025-08-05,22,12,3,6,45,88
2025-08-06,14,19,7,5,37,82
2025-08-07,22,3,9,5,43,82
2025-08-08,15,13,3,4,51,86
2025-08-09,12,7,4,2,44,69
2025-08-10,13,9,4,2,32,60
2025-08-11,17,12,8,2,51,90
2025-08-12,33,25,9,3,77,147
2025-08-13,14,17,6,2,51,90
2025-08-14,18,17,8,6,56,105
2025-08-15,13,8,4,2,43,70
2025-08-16,11,14,3,1,44,73
2025-08-17,17,11,5,5,45,83
2025-08-18,21,20,4,3,52,100
2025-08-19,30,16,5,6,60,117
2025-08-20,16,11,4,4,49,84
2025-08-21,15,15,3,3,49,85
2025-08-22,24,14,7,6,83,134
2025-08-23,24,13,9,4,66,116
2025-08-24,27,19,6,4,72,128
2025-08-25,20,13,8,4,43,88
2025-08-26,18,10,6,2,40,76
2025-08-27,15,18,7,6,47,93
2025-08-28,15,12,7,6,60,100
2025-08-29,28,17,9,7,67,128
2025-08-30,13,13,12,3,64,105
2025-08-31,16,15,8,5,56,100
2025-09-01,26,13,4,2,65,110
2025-09-02,21,20,4,3,54,102
2025-09-03,17,21,8,7,47,100
2025-09-04,13,11,2,1,32,59
2025-09-05,27,20,4,1,86,138
2025-09-06,20,11,8,1,54,94
2025-09-07,21,19,8,4,65,117
2025-09-08,25,18,4,5,61,113
2025-09-09,24,18,11,3,51,107
2025-09-10,20,15,14,5,53,107
2025-09-11,16,9,11,3,38,77
2025-09-12,10,7,4,2,43,66
2025-09-13,19,9,3,2,40,73
2025-09-14,8,8,5,3,35,59
2025-09-15,12,11,7,3,37,70
2025-09-16,17,6,1,4,48,76
2025-09-17,31,14,3,9,71,128
2025-09-18,17,16,4,8,61,106
2025-09-19,14,10,4,3,36,67
2025-09-20,9,12,1,0,55,77
2025-09-21,11,12,2,1,54,80
2025-09-22,4,12,6,2,30,54
2025-09-23,20,13,6,5,63,107
2025-09-24,18,16,6,6,60,106
2025-09-25,24,14,5,2,30,75
2025-09-26,8,22,5,1,30,66
2025-09-27,14,15,7,0,49,85
2025-09-28,20,12,7,2,69,110
2025-09-29,14,14,6,7,56,97
2025-09-30,26,14,10,7,72,129
2025-10-01,20,15,8,3,69,115
2025-10-02,24,15,3,6,74,122
2025-10-03,29,22,3,6,76,136
2025-10-04,28,20,7,4,90,149
2025-10-05,24,21,8,5,77,135
2025-10-06,18,18,3,2,34,75
2025-10-07,10,2,1,3,19,35
2025-10-08,12,9,4,4,29,58
2025-10-09,10,11,2,1,32,56
2025-10-10,13,12,7,2,29,63
2025-10-11,10,9,4,3,25,51
2025-10-12,12,13,8,2,32,67
2025-10-13,15,14,10,5,43,87
2025-10-14,28,23,6,4,75,136
2025-10-15,10,8,3,1,39,61
2025-10-16,12,10,3,0,26,51
2025-10-17,14,18,6,1,28,67
2025-10-18,13,13,6,2,51,85
2025-10-19,15,11,2,2,41,71
2025-10-20,7,14,3,6,36,66
2025-10-21,18,12,3,2,45,80
2025-10-22,15,13,5,8,58,99
2025-10-23,17,14,3,4,55,93
2025-10-24,19,22,4,2,71,118
2025-10-25,18,18,6,3,68,113
2025-10-26,20,12,5,2,41,80
2025-10-27,17,11,4,6,51,89
2025-10-28,31,21,3,3,71,129
2025-10-29,17,16,7,2,58,100
2025-10-30,15,14,7,7,42,85
2025-10-31,19,16,6,2,56,99
2025-11-01,17,13,2,1,55,88
2025-11-02,15,9,3,3,43,73
2025-11-03,4,7,4,0,15,30
2025-11-04,9,8,2,2,38,59
2025-11-05,11,8,2,2,36,59
2025-11-06,16,13,7,2,49,87
2025-11-07,16,19,6,3,50,94
2025-11-08,20,25,2,4,72,123
2025-11-09,13,10,3,4,56,86
2025-11-10,10,14,2,3,44,73
2025-11-11,20,12,5,2,60,99
2025-11-12,13,11,5,2,40,71
2025-11-13,12,17,6,1,42,78
2025-11-14,10,12,5,8,50,85
2025-11-15,14,15,3,3,45,80
2025-11-16,12,13,5,2,24,56
2025-11-17,9,7,3,1,33,53
2025-11-18,8,7,3,4,31,53
2025-11-19,12,13,1,4,48,78
2025-11-20,13,7,2,3,55,80
2025-11-21,9,8,1,1,39,58
2025-11-22,10,13,3,2,36,64
2025-11-23,13,12,5,4,33,67
2025-11-24,14,8,3,4,30,59
2025-11-25,13,14,4,3,41,75
2025-11-26,7,12,6,3,34,62
2025-11-27,8,10,4,0,35,57
2025-11-28,8,15,2,2,30,57
2025-11-29,14,8,2,1,29,54
2025-11-30,9,8,8,1,39,65
2025-12-01,8,16,10,0,40,74
2025-12-02,13,16,3,2,34,68
2025-12-03,11,9,4,4,31,59
2025-12-04,10,5,2,0,35,52
2025-12-05,2,15,2,0,36,55
2025-12-06,13,16,1,4,46,80
2025-12-07,9,11,2,1,34,57
2025-12-08,13,17,2,5,39,76
2025-12-09,14,19,6,3,55,97
2025-12-10,6,10,7,1,35,59
2025-12-11,8,11,6,2,36,63
2025-12-12,6,10,4,2,29,51
2025-12-13,9,6,4,2,32,53
2025-12-14,8,5,3,0,42,58
2025-12-15,13,13,3,4,23,56
2025-12-16,12,10,3,1,38,64
2025-12-17,4,5,4,1,32,46
2025-12-18,11,11,4,1,41,68
2025-12-19,9,7,1,0,23,40
2025-12-20,11,15,4,2,25,57
2025-12-21,13,14,0,1,36,64
2025-12-22,4,9,5,2,27,47
2025-12-23,10,7,1,2,13,33
2025-12-24,14,19,5,1,34,73
2025-12-25,9,18,5,4,26,62
2025-12-26,10,10,5,0,37,62
2025-12-27,10,11,8,2,45,76
2025-12-28,5,13,5,2,23,48
2025-12-29,13,5,6,3,34,61
2025-12-30,16,12,7,3,42,80
2025-12-31,13,11,4,5,52,85
2026-01-01,24,7,4,4,39,78
2026-01-02,9,16,4,2,27,58
2026-01-03,13,7,2,2,28,52
2026-01-04,10,16,3,4,28,61
2026-01-05,13,11,8,0,34,66
2026-01-06,15,5,8,4,38,70
2026-01-07,13,14,5,3,53,88
2026-01-08,12,12,3,3,45,75
2026-01-09,12,16,6,5,50,89
2026-01-10,14,16,8,5,40,83
2026-01-11,22,12,5,5,39,83
2026-01-12,11,9,4,4,39,67
2026-01-13,14,13,8,3,34,72
2026-01-14,7,14,8,4,40,73
2026-01-15,15,13,5,3,42,78
2026-01-16,10,10,3,5,39,67
2026-01-17,6,10,4,1,27,48
2026-01-18,13,12,8,4,25,62
2026-01-19,11,14,8,2,33,68
2026-01-20,13,13,2,6,37,71
2026-01-21,19,11,3,2,34,69
2026-01-22,7,16,5,4,41,73
2026-01-23,10,13,9,1,35,68
2026-01-24,11,12,5,4,24,56
2026-01-25,11,9,7,3,48,78
2026-01-26,9,9,8,3,28,57
2026-01-27,21,7,6,3,35,72
2026-01-28,14,10,6,2,46,78
2026-01-29,15,11,8,3,51,88
2026-01-30,13,13,6,4,48,84
2026-01-31,11,20,8,2,49,90
2026-02-01,13,16,6,5,28,68
2026-02-02,11,8,6,4,48,77
2026-02-03,15,11,10,2,45,83
2026-02-04,11,11,7,1,21,51
2026-02-05,15,17,6,2,36,76
2026-02-06,8,15,3,3,45,74
2026-02-07,7,15,2,1,46,71
2026-02-08,13,12,6,1,39,71
2026-02-09,4,14,3,3,38,62
2026-02-10,12,13,4,2,49,80
2026-02-11,12,17,7,2,54,92
2026-02-12,12,22,8,2,35,79
2026-02-13,23,23,5,5,65,121
2026-02-14,22,23,6,3,69,123
2026-02-15,13,20,6,2,46,87
2026-02-16,8,7,6,2,39,62
2026-02-17,17,14,4,6,43,84
2026-02-18,18,19,7,4,50,98
2026-02-19,25,24,8,3,75,135
2026-02-20,21,16,6,2,66,111
2026-02-21,14,21,2,4,67,108
2026-02-22,33,23,7,6,83,152
2026-02-23,11,18,6,7,73,115
2026-02-24,12,12,2,6,32,64
2026-02-25,31,20,7,5,66,129
2026-02-26,21,15,13,3,55,107
2026-02-27,8,15,6,1,35,65
2026-02-28,7,12,2,1,35,57
2026-03-01,3,8,3,0,10,24
2026-03-02,0,4,0,0,2,6
2026-03-03,1,2,0,0,2,5
2026-03-04,0,2,0,0,0,2
2026-03-05,0,2,1,0,1,4
2026-03-06,0,2,0,0,0,2
2026-03-07,0,3,1,0,0,4
2026-03-08,1,1,0,0,0,2
2026-03-09,0,0,1,0,0,1
2026-03-10,0,1,0,0,1,2
2026-03-11,1,1,0,0,1,3
2026-03-12,1,0,0,0,0,1
2026-03-13,0,0,0,0,0,0
2026-03-14,0,0,0,0,0,0
2026-03-15,2,3,0,0,2,7
2026-03-16,2,3,0,0,0,5
2026-03-17,2,0,1,0,1,4
2026-03-18,1,0,0,0,0,1
2026-03-19,1,1,0,0,0,2
2026-03-20,1,2,0,0,2,5
2026-03-21,0,2,0,0,0,2
2026-03-22,0,4,0,0,0,4
2026-03-23,0,4,0,0,2,6
2026-03-24,0,2,1,0,1,4
2026-03-25,0,2,1,0,1,4
2026-03-26,0,6,1,0,0,7
2026-03-27,0,4,1,0,0,5
2026-03-28,0,7,1,0,1,9
2026-03-29,0,2,3,0,2,7
2026-03-30,2,0,3,0,5,10
2026-03-31,1,1,4,0,5,11
2026-04-01,0,5,3,0,3,11
2026-04-02,0,2,3,0,1,6
2026-04-03,0,1,3,0,5,9
2026-04-04,1,6,2,0,4,13
2026-04-05,1,3,2,0,5,11
2026-04-06,2,4,2,0,1,9
2026-04-07,1,2,1,0,3,7
2026-04-08,0,4,1,0,1,6
2026-04-09,0,2,1,0,5,8
2026-04-10,0,3,1,0,1,5
2026-04-11,1,3,1,0,4,9
2026-04-12,2,8,1,0,4,15
2026-04-13,2,1,2,0,4,9
2026-04-14,2,2,0,0,5,9
2026-04-15,3,3,0,0,7,13
2026-04-16,1,5,0,0,5,11
2026-04-17,2,6,0,0,10,18
2026-04-18,4,4,0,0,14,22
2026-04-19,1,0,1,0,5,7
2026-04-20,2,0,1,0,5,8
2026-04-21,1,0,0,0,3,4
2026-04-22,2,1,0,0,4,7
2026-04-23,0,1,0,0,2,3
2026-04-24,0,2,3,0,3,8
2026-04-25,0,1,3,0,2,6
2026-04-26,0,0,1,0,2,3
2026-04-27,0,0,0,0,0,0
2026-04-28,0,1,2,0,2,5
2026-04-29,0,1,1,0,3,5
2026-04-30,1,2,0,0,4,7
2026-05-01,1,3,2,0,4,10
2026-05-02,0,3,2,0,5,10
2026-05-03,0,3,2,0,1,6
2026-05-04,1,2,1,0,0,4
2026-05-05,0,1,0,0,0,1
2026-05-06,0,2,0,0,0,2
2026-05-07,0,3,0,0,1,4
2026-05-08,0,3,0,0,1,4
2026-05-09,0,3,0,0,2,5
2026-05-10,1,5,0,0,3,9
2026-05-11,0,5,0,0,4,9
2026-05-12,0,3,1,1,1,6
2026-05-13,0,3,2,1,2,8
2026-05-14,1,3,1,0,4,9
2026-05-15,0,2,1,0,2,5
2026-05-16,0,5,3,0,2,10
2026-05-17,0,2,1,0,2,5
2026-05-18,1,2,2,0,1,6
2026-05-19,1,2,1,0,3,7
2026-05-20,2,5,1,0,5,13
2026-05-21,1,3,2,0,2,8
2026-05-22,0,5,1,0,0,6
2026-05-23,0,5,2,0,1,8
2026-05-24,0,6,1,0,2,9
2026-05-25,1,4,2,0,0,7
2026-05-26,0,4,1,0,2,7
2026-05-27,0,3,1,0,2,6
2026-05-28,0,3,1,0,0,4
2026-05-29,0,2,1,1,0,4
2026-05-30,0,3,1,0,1,5
2026-05-31,0,2,1,0,0,3
2026-06-01,0,1,0,0,2,3
2026-06-02,0,1,0,1,4,6
2026-06-03,0,4,2,1,4,11
2026-06-04,0,1,3,0,2,6
2026-06-05,0,1,2,0,0,3
2026-06-06,0,3,0,0,0,3
2026-06-07,1,1,0,0,1,3
2026-06-08,2,1,3,0,2,8
2026-06-09,0,2,2,0,2,6
2026-06-10,0,2,3,0,1,6
2026-06-11,0,3,2,0,2,7
2026-06-12,0,3,3,0,1,7
2026-06-13,0,4,0,0,0,4
2026-06-14,0,6,0,0,0,6
2026-06-15,0,7,3,0,1,11
2026-06-16,3,5,2,0,2,12
2026-06-17,3,8,3,0,1,15
2026-06-18,2,8,1,0,11,22
2026-06-19,2,3,3,0,5,13
2026-06-20,2,7,5,0,12,26
2026-06-21,1,3,3,0,1,8
2026-06-22,0,4,1,0,9,14
2026-06-23,2,5,3,0,5,15
2026-06-24,8,20,2,1,21,52
2026-06-25,10,14,4,0,23,51
2026-06-26,4,10,5,0,19,38
2026-06-27,6,7,6,0,9,28
2026-06-28,5,2,3,0,11,21
2026-06-29,7,9,3,0,13,32
2026-06-30,3,10,3,0,6,22
2026-07-01,7,8,4,0,23,42
2026-07-02,8,7,3,0,18,36
2026-07-03,4,7,2,0,21,34
2026-07-04,6,5,3,0,11,25
2026-07-05,8,6,3,0,17,34
